temp,rh,rain
-7.6,48,0
-3.6,76.4,1.4
-6.8,49.3,0
-5.9,84.1,14.2
-9.9,66.4,0
-11.2,65.5,0
-10.1,66.8,0
-8,67.4,0
-5.1,75.8,0.4
-3.4,79.1,0
-5.2,75.1,0
-10.3,52.1,0
-13.2,53.4,0
-9.1,55.8,0
-5,65.1,0.3
-6.4,52.5,0
-4,61,0
-0.5,69.6,0
2.7,72.1,3
5.8,96.5,7
-4.1,60.8,0.5
-7,47.3,0
-5.3,46.4,0
0.3,66.6,0
-3,52.4,0
-4.1,53.1,0
-0.2,72.6,2.5
-0.4,68.1,0
-2.1,55.1,0
1.5,67.4,0
1.8,82.4,0
0.8,71.6,0
-6.2,29.6,0
-8,37.1,0
-4.3,50.3,0
-5.5,34.5,0
-4.7,36.6,0
0.7,31.3,0
4,47.9,0
3.7,87.4,12
3.9,80.3,2
0.6,84.4,10.5
-0.3,82,0.3
-2.3,69.8,1.3
-2.2,47.3,0
-3.1,49.9,0
-4.5,44.6,0
-3.2,52,0.2
-2.9,55.9,2.5
-1,54.5,0
3,65.3,0
4.8,57.1,0
6.5,66.8,0
8.2,50.5,0
12.2,47.9,0
12,91.3,26.5
12,73.1,0
8.6,65.6,0
6.8,74.4,0
2.9,78.9,17
2.7,72.6,0
4.4,54.5,0
5.5,71.9,1.5
6.4,69.8,0.3
6,55.4,0
4.9,49.3,0
4.1,46.8,0
1.5,68.1,14
-1.4,82.4,7.1
2.3,62.8,0
5.8,63,0
2.4,30.5,0
7.2,46.8,7
7.9,74.4,12.5
0.7,37.6,0
-0.1,54.5,1
0.5,53,0
4.5,46,0
6.8,70.5,0.2
2.7,46.1,0
2.1,80.6,9.9
5.9,67.9,0
8.7,50.3,0
5,47.1,2.5
2,46.8,0
5.4,74,0
4.1,47.3,0
5.8,35.6,0
8.3,50.1,0
7.3,84.9,9.5
7,74.3,1
5.5,43.1,0
5,30.1,0
7.7,38.9,0
10.4,59.9,0
8.5,52.9,0
7.3,39.1,0
9.1,43.5,0
11.4,50.4,0
10.7,62.3,0
13.6,50.8,0.1
13.2,53.6,7
4.4,50.1,1
4,28.8,0
7,34,0
8,39.8,0
7.6,63.4,0
12,54.3,0
14.7,55.6,0.2
16.8,68,0
14.1,69.9,4
10.7,66.9,4.5
9.3,71.4,4
11.1,50.1,0
13.6,33.5,0
12.4,63.4,27
7.5,71.5,4.5
5,77.5,9.5
8.5,62,0
9.6,63.3,0
12.3,49.5,0
17.2,43.4,0
18.2,79.5,0
20.2,70.3,0
20.6,57.5,0
13.4,83.4,18
14.6,52.8,0
16.7,49.9,0
19,45.8,0
16.1,51.1,0.1
12.9,60.4,0.4
13.8,64.5,0
16,54.8,0
18,40.5,0
17,49.4,0
18.2,48,0
20.3,47.9,1
17.3,94.4,59
17.1,82.5,0.5
19.5,65.6,0
22.1,49.8,0
20.1,61.1,5.5
16.1,78,21.5
13.1,93.1,15.5
14.9,85.6,0.5
17.4,60.8,0.5
17.4,53,0
17.3,66.4,0
18.7,63.1,0
18.9,59.4,0
17.3,65.5,1.5
19.1,45,0
21,48.1,0
21.1,57.5,0
22.3,52,0
23.3,50.1,0
24.9,43.6,0
25.4,47,0.2
25.7,34.1,0
26,42.3,0
26.5,46.8,0
25.6,44.3,0
17.9,91.5,71
22,81.3,18
22.8,80.6,10.5
24.4,70.8,0
22.3,75.3,0.5
24,73.1,0
25.9,67.5,0.4
23,79.1,4.5
23,74.9,0
22.2,69,0
21.6,50.8,0
23,53.6,0
24.4,54.8,0
26.7,50.1,0
24.8,59.9,3.5
21.8,85.5,9.5
24.6,67.9,0
23.9,74,0
22.8,81.1,9.5
26.1,72.1,0
24.9,89,58
24.1,88.1,5.5
26.5,72,0
26.1,74.1,0
26,61.6,0
25.6,68,0
24.7,64.6,0.1
24.9,64.4,0.5
25.6,64.6,0
23.8,67.8,0.5
25.1,61.3,0
26.1,67.5,1.5
24.8,74,1
26,67.8,0
23.7,83.4,57
23.2,89.8,89.5
25.9,74,2
26.7,73.3,0
28.2,68.1,0
27.8,68.5,0
27.1,74.3,0.5
24.4,84,4.5
25.6,80,1
26,77.6,0.5
25.4,80.4,16.5
26.9,69.4,0
27,69.6,0
26.8,75.5,0.5
27,74.9,0.1
27,77.3,0
27.5,78.5,0
27.3,77.3,25
27.6,59.4,0
28.1,72.1,16.5
29.2,74.5,0.5
28.3,76.3,3.5
26.2,86.4,83.5
27.3,70.5,0
28.6,62.9,0
26.5,82.4,24.5
28.2,73.9,2.5
23.7,78.6,5.5
26,85.9,62
26.9,84.4,7
26.6,80.5,49.5
24.8,78.3,0.1
26.3,65.4,0
26,81.9,19.5
28.5,72.5,0
28.6,71.9,0.5
28.6,69.3,0
28.7,69.8,0.1
26.4,84.3,21
23.7,85.4,9.5
21.6,89,50.5
24,87.4,10
25.8,81.9,92.5
25.5,83.3,12.5
23.7,91.8,99
25.8,73.3,1.5
24.9,80.1,2
26,81.6,14.5
24,83.8,37
25.4,82.4,3
26.8,75.8,0
25.1,83.3,49.5
25.5,77.3,0
26.3,56.5,0
22.7,48.8,0
20.9,88,90.5
24,92,74.5
23.7,90.9,68.5
22.8,85.4,15.5
23.9,76.3,0
24,71.1,0
24.7,56.8,0
24.5,61.8,0
24.3,66.4,0
25.2,58.4,0
20.8,83.4,17.5
21.7,82.3,25.5
21.4,93.1,259.5
16.7,81.9,0.5
17,62.6,0
17.6,61.5,0
18.6,59.5,0
18.6,60.4,0
19,73.9,15.5
15.6,49.8,0
13,61.1,0
14.6,61.5,0
16,66.1,0
16,79,15
17,78.5,7
14,77.1,3
15,70.8,0
16.1,70.3,0
17.3,69,0
18.9,65.3,0
19.4,66.5,0
18.5,73.1,0
18.3,80.4,0
16.6,76.1,0.1
15.7,73.1,0
15.7,70,0.5
13.1,49.5,0
16,62,0
15.6,54,0
13.9,47.1,0
15.9,58.1,0
15.2,71.3,0
15.8,64.5,0
16.9,59.3,0
15.9,65,0
17.2,62.9,0
9.9,46.9,0
4,26.3,0
5.6,35.3,0
7.2,37.5,0
9.6,37.4,0
11.7,43.6,0
12,52.6,0
11.4,52.3,0
5,33.8,0
7.2,52.8,0
10.6,66.6,0
11.2,80.1,0
12.7,83.1,0
12.3,74,2
7,62.5,0.5
2.9,41.8,0
4.1,37.9,0
9.3,46.5,1
8.9,58,0.4
11.1,56.5,0
5.8,39.9,0
1.4,37,0
3.7,54.4,0
6.5,62.4,0
6.5,56,0
5.9,60.1,0
7.9,58.1,0
11,64.4,0
6.2,51.6,5
5.9,44.9,0
6.3,62.1,0
3.1,50.9,0
0.4,32.5,0
1.3,47.3,1
-1.3,44.6,1
3.2,61.4,0
7.3,75.1,0
7.2,81.4,0
9.5,70,0.3
0,50.8,0
1.7,54.3,0
8.2,68.3,0
3,58.9,0
-0.7,37.4,0
0.4,73.5,2.5
-1.8,56.3,0
2.9,59.8,1.5
-3.5,38.4,0
-1.2,31.4,0
3.7,38.1,0
-4,43.3,0
-10.5,37.8,0
-7.7,46.1,0
-2.1,74.5,1.4
0.1,51.4,0
4.9,67.9,0.4
4.1,71,0
4.9,49.1,0
4,61.6,0
-1.9,52,0
-12.3,36.1,0
-11.2,40.5,0
-9.3,47.9,0
-4.9,72.3,0.2
-2.6,80.8,6
-5.7,55.4,0.1
-6.1,70.4,3.7
-8.7,57.3,0
-6.8,61,0
-5.4,62.3,0
-4.5,66.4,0
-3.9,66.4,0
-4,62.9,0
-7.6,53.5,0
-7,48.8,0
-3.6,67.9,0.2
-7,52.6,0
-8.2,44,0
-5.4,70.3,1.9
-8.2,44.6,0
-5.9,47,0
-3.8,59.1,1.1
-12.2,40,0
-14.5,45.4,0
-9.7,49.8,0
-6.7,48.9,0
-6.6,46.4,0
-8.2,43.6,0
-6.8,44.4,0
-4.3,59.8,0.4
-4.5,72.5,5.3
-8.8,60.8,0
-8.4,60.1,0
-8.5,51.5,0
-8.9,47.3,0
-7.9,43.3,0
-9.1,43.1,0
-10.1,43.5,0
-6.2,61.5,0
-0.2,68,0
1.3,60.9,0
1.5,75.9,0
1.2,77.8,0
1.1,72.9,0
0.3,75.4,0
0.3,63.6,0
2.9,44.9,0
-1.2,46.5,0
-2.1,35,0
-2.9,42,0
-5.9,43,0
-4.8,39.5,0
-3.4,46.5,0
-1.8,52.1,0
-0.6,55.5,0
0.9,62,0.1
1.6,51.5,0
1.4,50.8,0
5.3,43.9,0
6.2,43.5,0
6.2,48.1,0
5.6,52.1,0
6.1,57.4,0
2,42.9,0
6.2,36.1,0
4.2,84.8,28.5
2.8,73.8,0.5
0.5,74.5,2.3
-2.1,40.5,0
-2.1,42.6,0
0.1,50.6,0
2.1,68.5,0
3.4,68.8,0
1.6,45.1,0
1.6,44.8,0
0.2,40.8,0
1.4,52.4,0
4.6,46,0
7.8,46.5,0
10.7,65.5,0
6.7,72.8,0
1.5,40,0
-0.4,34.4,0
0.8,39.6,0
5.7,38.3,0
8.8,48.1,0
6.9,65.6,5
8,43.4,0
1.8,25.1,0
2.2,39.9,0
2.9,63.4,5.8
2.2,43.9,0
3.6,41.9,0
5.1,54.3,0
5.2,68.1,1.5
4.8,63,0
7.3,61.5,0
9.2,54.6,0
9.1,47,0
8.9,51.6,0
9.6,50.9,0
10.1,40.4,0
10.7,28.5,0
10.6,31.1,0
9.6,89.3,7
11.4,55.9,0
9.9,54,0
10.8,55.4,1.5
10.4,32.6,0
10.2,38.1,0
11.3,44.1,0
12.4,44.4,0
12.2,77.1,0.1
12.1,26.3,0
12,49.8,0
6.7,70.1,2
10.8,41.6,0
11.2,49.3,0
13.5,32.4,0
8.9,83.9,19
9.7,59.6,0
9.7,58.5,0
11.3,61,0
10.5,82,2.5
11.4,74.3,5
10.4,57,0
13.2,47.4,4
13,93.6,69
12.5,74.9,0
14.2,57.6,0
15.3,44.1,0
15.9,41.5,0
17.5,35.9,0
15.4,63.3,0.5
14.5,80.6,3.5
17.3,56.1,0
17.6,78.8,4
16.5,89.3,6.5
17.2,74.6,14
15.7,64,0
14.6,56.5,0
17.2,39.8,0
17.2,50,0
16.4,48.4,0
17.5,35.4,0
20.5,40.9,0
20.7,60.4,0.4
17.5,89.8,15
14.5,85.1,2
17.3,57.8,0
19.5,45.3,0
21.5,39.5,0
22.7,41.4,0
20.7,47.9,0
20.1,53.5,0
22.4,48,0
24.4,40.4,0
22.7,41.6,0
18.7,66.5,7.5
18,76.9,21.5
19,73.6,0
19,67,0
18.7,76.8,0.5
20.4,62.6,0
20.9,50.5,0
20.9,45.8,0
22,55.8,1.5
19.4,76.5,0
21.4,71.4,0
24,45.8,0
23.4,49.5,0
21,69.9,0.5
22.8,57.6,0
25.2,50.8,1
26.5,43.3,0
24.9,43,0
24.5,52.5,0
26.6,50.4,0
26.6,52.5,0
24.1,59.9,0
22.7,83.6,16
22,92.3,41
19.7,88.9,10.5
18.3,84.9,37
19.2,82.1,40
19.2,85.9,11.5
24.1,67.3,0.5
21,92.3,177
23.8,87.4,46
25.1,78.9,0
24.7,82.3,0
22.6,92.1,115
22.5,76.8,0
24.3,64.6,0
25.6,60.9,0
22.9,84.9,42.5
22.4,84.1,13
23.6,83.5,15
24.2,80.4,6
21.2,90.3,42.5
22.8,87.9,51.5
24.3,85.6,29
23.6,89.5,38
23.4,89.4,15
22.8,91.1,54.5
25.1,82.5,1
28.7,62.8,0
28.5,55.5,0
27.6,50.3,0
27.1,48,0
24.1,71,1.5
25.4,76.3,3
24.8,81.6,8
24.9,85.3,27.5
24.8,81,171
24,92.1,301.5
24.7,89,115
26.2,81.6,7.5
27.2,75.3,0
24.7,87.8,73
25.6,81.1,0.5
26.1,77.5,0.5
25.4,83,41.5
25.4,86.3,10
28.9,67.8,0
28.5,67.5,1.5
28.7,63.9,4.5
24.7,84.8,39.5
26,76.3,0
25.8,81,0.3
26.6,78.9,0
25.3,86.5,19.5
25.3,83.9,6.5
25,86.8,9.5
24.5,87.3,0.5
25,87.8,16
23.7,91.1,4
25.2,73.3,0
24.4,75.6,0
23.1,76.9,0.5
24.4,68.4,0
23.5,71.4,3.5
24.3,60.1,0
24.8,57.9,0
25.7,57.3,0
26.4,57.5,0
27.6,59.5,0
27.3,66.8,0
26.8,75.6,0
27.1,70,8.5
27.9,62.6,0
27,63.3,0
26.9,58.1,0
25.1,48,0
23.7,47.6,0
23.8,55.9,0
23.4,52.5,0
22.6,49.9,0
22.3,53.8,0
19.9,75.5,2.5
21.5,68.6,0
21.2,77.1,0
23.3,69.6,0
25,50.3,0
24.4,70.9,0
25.7,68.8,0
25.6,68.1,0
25.8,65.6,0
21,63,0.5
16.8,56.1,0.1
17.7,44.5,0
18.1,44.4,0
18.1,49.8,0
19.5,49.9,0
19.6,55.9,0
20,61.3,0
21.2,52.1,0
21.8,41.1,0
19.8,52.6,0
16.9,83.3,22.5
14.8,49.5,0
12.7,48.9,0
13.3,42.1,0
13.8,44.3,0
14.9,47.3,0
16.4,51.5,0
16.5,54.1,0
15.4,57.5,0
16.2,55.3,0
16.6,59,0
16.9,69.6,0
16.5,58.1,0
14.7,52.5,0
16.6,51.4,0
14.4,79.3,5
13,85.3,20
14.8,62.8,0.5
11.2,34.3,0
9.4,37.4,0
12.8,44,0
15.5,52.4,0
17.3,53.1,0
17.1,59.8,0
16.5,66.3,0
12.3,72.3,1.5
7.6,36.9,0
9.5,42.8,0
12.7,43.6,0
14.5,49.6,0
12,80.5,5
14.8,54.8,0
15,42.8,0
16.1,45.9,0
16.2,46.1,0
16.8,49.1,0
18.4,67.6,1
19.9,67.5,0.1
14.6,79.8,12
15.1,68.9,0
14.9,65,0
14.5,59.4,0
14.1,54.1,0
12.5,71.1,1
12,66.5,0
11.3,53.9,0
6.4,37.3,0
7.2,43.8,0
10.9,51.1,0
13.6,52.9,0
14.2,81,6
10.6,71.4,0.2
0.4,40.5,0
1.6,39.1,0
5.6,53.1,0.1
2.8,68.5,4.5
-1.6,45.8,0
2.8,49.4,0
5.6,55.9,0
13.5,73.5,0
14.6,82.8,0.3
11.3,87.5,1
4.7,82.8,30
5.8,55,0
5.5,58.6,1.5
5.3,73.6,3.5
2.5,51.4,0
1.5,35.9,0
3.9,39.3,0
4,60.1,0
0.1,59.6,0
-2.7,50.8,0
-1.7,48.6,0
2.8,64.6,0
3.5,54.4,0
1.5,42.8,0
2.4,60.9,0
-3.9,38.8,0
-7.1,39.1,0
-5.8,45.6,0
-2.4,46.8,0
-2.4,38.3,0
-0.3,40.8,0
1.9,61.8,0.7
-5.5,33.9,0
-5.4,42.8,0.6
-5.2,54,0.5
-7.1,35.4,0
-7.1,29.1,0
-4,37.4,0
-0.5,65,0.3
-1.7,66.1,0
-3,66.6,0
-1.9,66.5,0
-3,64.5,0
-4.8,66.5,0
-4.5,68.3,0.4
-7.4,55.4,0
-5.7,49.8,0
-2.8,42.9,0
-3.8,46.5,0
-2.5,54.3,0
-0.3,66.1,0
-2.5,53.9,0
-6,42.3,0
-4.6,56.5,0
-1.2,52.8,0
-1.5,51.6,0
-2.6,44.5,0
1,44.6,0
2.8,48.5,0
1.4,39.8,0
5.3,54.4,0.2
5.4,61,0.5
2.4,60.3,0.1
-7.7,37.9,0
-9.6,33.3,0
-7.3,39.9,1.6
-8.2,41.3,0
-2.9,54.5,0
-0.9,64.6,0
-1.8,24.4,0
-2.8,23.4,0
-5.6,22.4,0
-4.7,48.4,3.9
-12.8,47.9,0
-13.7,44.4,0
-8.6,54.3,0.1
-3,48.5,0.2
-0.9,36.1,0
0.9,50.6,0.2
-8.7,42.3,0
-8,39.1,0
-4.5,48.9,0
-3.5,46.4,0
-3.8,42.5,0
-0.1,34.4,0
3.1,26.3,0
3,48.9,0
-1.3,31.5,0
-2.8,32.4,0
-6.4,35.1,0
-6.8,38.9,0
-4.4,39.6,0
-0.2,56.8,0
2.3,59.1,0
5.8,46.6,0
4.4,64.4,0.3
4.3,61.3,0
1.2,57.4,0
-1.6,33.5,0
-0.7,31.3,0
2.1,26.6,0
5.4,27.1,0
8.7,20.1,0
6.9,54.6,0.3
6.9,47.1,0
6.2,49.9,0
5.3,66.9,7
3,81.6,8.5
3,60.1,0
2,47.8,0
3.4,48.9,0
3.9,52.5,0
-2.4,43,0
-1.6,40.1,0
1.7,49.8,0
3.6,70.4,0
5.5,35.8,0
8.1,51.1,4
10.4,71.4,2
6.9,62.8,0
2.8,38,0
3.1,30.6,0
4.3,36.3,0
7.8,53.6,0
5,82.5,22
3.3,54.5,3.5
3.6,36.6,0
3.9,38.3,0
6.4,57.6,0
10.1,56.4,0
11.6,57,0
9,73.5,0.1
5.4,38.4,0
4.6,28.1,0
8.3,56.9,22
4.9,66.9,35
7.2,57.3,0
6.7,43.4,0
5.4,41.5,0
5.9,35.5,0
11.3,47.3,0
15.4,55.8,0
13.7,82.8,10.5
12.2,72.5,3
8.9,49.5,0
10.3,52.8,0
10.5,68,0
13.4,56,0
11.9,58,0
13.6,38.1,0
15.2,32.3,0
17,34.1,0
18.4,38.9,0
11.4,72.6,47.5
9.4,91.4,9
12.9,82.1,0
19.7,60.3,0
15.1,72.8,28
11.9,53.4,2
15.2,32,0
17,42.4,0
19.9,57.1,0
22.9,43.3,0
22.6,46.1,0
23.1,47.3,0.4
20,53.8,0.2
19.7,48.8,0
18.8,42.4,0
18.1,31.9,0
18.5,33.3,0
20.8,27.5,0
20.7,45.4,0
20.1,45.1,0
16.2,55.4,0
17.1,57.9,0
19.1,53,0
16.1,78.8,6.5
16.9,65.3,0
16.6,58.6,0
16.6,56.6,0.5
18.1,51.4,0
19.5,38,0
21.3,39.1,0
23,34.8,0
23.3,34.6,0
22.1,39.5,0
19.7,53,0
20.5,45.4,0
19.8,44.8,0
19.3,65.6,0.3
20.9,58,0.1
21.6,40.8,0
20.7,44.4,0
20.9,58.6,0.2
21.4,52.3,0
23.1,44.8,0
23.3,38.9,0
23.7,35.1,0
22.5,62.6,0
23,62,0
23,62.8,0
22.2,66.4,2
24.2,59.5,0
23.7,58.8,0
23.2,59.4,0
22.6,58.9,0.4
23.4,53.1,0
24.8,49.1,0
23.7,52.8,0
23.5,61.3,0
23.6,52.5,0
24.9,46.5,0
26,44.8,0
25.4,49.1,0
25.7,55.3,0
24.3,61.4,0
26.2,55.8,0
27.8,48.3,0
26.5,40.5,0
24.6,44.9,0
24.8,47.1,0
25.3,50.4,0
25.9,60.4,20
21.9,87.8,69.5
21.6,80.1,0
24,62.8,0
22.7,78.1,25
24.4,79.8,0.3
22.7,89.6,72
20.9,88.8,102.5
24.8,62.1,0
25.8,64.5,0
26.3,64.1,0
25.9,67.4,6.5
23.3,83.5,8
24.7,72.3,0
26.1,76.1,76.5
22.8,82.1,8
19.7,89.5,32.5
21.7,80.3,2.5
25.5,70.5,0
26.3,78.8,6
23.9,85.3,72.5
25.6,73.6,1
27.5,67.4,0
27.2,74.4,16.5
27.6,73.9,1
27.8,71.9,0
27.9,68,0
28.1,63.4,0
27.9,68,0
28.5,67.3,0
29.2,66.8,0
28.4,72.3,18
29,66.1,0.1
30.8,56.8,0
30.8,53.6,0
31.3,51.9,0
31.7,50.1,0
31.8,51,0
31.5,54.1,0
30.7,48,0
29.6,51.6,0
29.7,63.5,0
27.4,69.4,0.3
27.7,65,0
25.5,80.3,17
26.6,65,2
26.7,64.3,15.5
23.7,88,136.5
26,68.8,0
27.5,74,0
27.2,80.3,2
27.9,75.8,5
25.4,87.4,59.5
25.3,85.4,137
22,80.5,17
23,68.3,0.1
23.3,70,7.5
25,80.1,11.5
27.5,72.3,0
28.5,59.9,0
26.1,69.5,13.5
25.7,70.3,6
21.4,85.8,34.5
23.8,65.6,0
25.2,69,0
25,65.1,0
24.9,71.4,0
22,84.1,55.5
22.3,61.1,10.5
21.6,52.9,0
22.5,60.6,3
20.2,71.8,25
20.9,68.4,0
23.2,61.4,0
22.8,53.1,0
21.6,68.9,0.5
20,87.1,13.5
19.4,68.5,2
21,56.8,0
19.9,60.1,2.5
17.3,86.8,85.5
20.9,69.4,0
20.6,63.9,0
20.1,69.6,0
20.1,68.3,0
20.7,60.6,0
21.2,56.6,0
21.5,49.8,0
21.8,52.3,0
21.3,60,0
20.3,62,0
18,72.3,13.5
16.4,58.8,0.5
16.2,63.8,0
18.1,64.3,0
19.3,64.3,0
19.9,60.4,0
19,61.6,0
19,61.4,0
19.6,52.9,0
19.2,54.9,0
18.4,53,0
17.6,60,0
15.7,69.6,13
13.9,47.4,0
14.9,51.8,0
16.4,54,0
16.3,39.9,0
14.8,33.3,0
17.1,46.5,0
12.6,57,2.5
11.6,46.5,0
14.8,52.3,0
15.8,65,0
18.3,70.5,0
13.4,77.3,39.5
10,49.4,0
13.2,62.8,0
15.2,68.5,0
15.9,62.1,0
14.3,84.5,44
14.3,65.4,0
11.7,60.6,0
8.6,55.4,0.1
6.9,50.9,0.2
5.6,36.5,0
7.2,36.9,0
9.4,41.5,0
11.8,56.5,4
8.5,87.6,8
7.1,81,5
8.4,68.4,0
8.8,74.6,0
9.4,63.6,0
12,49.3,0
8.7,72,28
7.3,67.8,3
5.3,54.8,0
2.4,53.3,0
4.2,51.5,0
4.9,74,9.5
5.3,61.6,1.5
3.5,45.1,0
3.4,64.4,5.5
1.9,51.6,0
4.1,62.5,0
6.7,68.3,0.3
3.3,63,0
1.7,46.9,0
3.4,55.6,0.5
2.3,51.5,1
2.1,38.9,0
5,54.5,1
0.8,34.4,0
1.7,49.6,0.5
-0.9,47.9,0
2.9,50.4,0
1.7,66.9,5.4
-3.3,41.3,0
-3.8,66.5,5.8
-6.3,53.4,0.1
-4.5,76,1.9
-8.2,42.4,0
-10.5,45.5,0
-8.3,51.3,0
-6.5,55.3,0
-5,56.8,0
-1.5,55.1,0
2.7,79.8,18.5
4.6,78.4,0.5
1.6,77,0
-0.4,65.4,0
-6.8,49.4,0
-6.9,45,0
-3.4,49.1,0
-0.7,66.1,1.8
-3,67.4,0
-8.9,53.9,0
-8.8,52,0
-8.9,50.9,1
-10.8,33.5,0
-5.7,47.1,0
-0.9,59.5,0
-0.3,84.1,4.1
-8.2,54.6,2.3
-8.7,45.9,0
-4.7,73.5,3.1
-11.7,40.8,0
-13.2,42.8,0
-10.7,44.3,0
-7,59.4,0
-6.3,59.4,0
-5.1,53.6,0
-4.6,53.4,0
-9,38.5,0
-8.3,41.3,0
-3.2,50.5,0
0,70,0.1
-0.5,65.6,0
-2.1,61.6,0
-2.1,57,0
-2.6,64.1,0.3
-5.8,62.9,0
-4.4,51.9,0
0.5,59.9,0
1.6,55.8,0
2.2,83.6,16.5
3.8,74.3,0.5
1.8,80.4,1.5
-0.9,57.6,0.1
-9.1,37.5,0
-9.2,37,0
-7.3,44.9,0
-3.5,56,0
2.2,63.5,0
5.4,68.8,0
7.4,59.5,0
7.3,85.8,46.5
-1.1,52.1,0
-3.2,62.3,7.5
-0.8,77.1,7.4
-0.6,77,4.5
-1.5,75,2.1
-11.1,42.5,0
-11.5,39.3,0
-7.2,55.5,0
-4,56.6,1.2
-5.8,41.8,0
-3.8,55.6,0
-1.3,59.6,0
1.1,60.1,0
-1.2,48.4,0
-2.6,38.8,0
2.3,44.5,0
0.5,49.8,0
-2.9,27.5,0
-4.8,35.3,0
-1.7,49,0
0.5,57.1,3.9
-0.9,45.9,0
1.4,42.4,0
3.3,39.4,0
4.8,56.4,0
3.4,69.5,0
6.7,57.3,1
0.8,56.1,3
-0.8,42.6,0
0.4,50.3,0
3.1,58.6,0
3.7,51.8,0
7.9,43.1,0
8,74.1,0.5
8.5,66,0
13.2,48.8,0
1.2,32.5,0
4.2,33.4,0
7.5,60.4,3.5
5.2,64.5,11.5
4.1,48.9,0
4.6,43.4,0
6.3,53.6,0
8.2,57.5,7.5
8.3,73,1
8,61.1,0
2.8,51.9,0.1
1.5,34.3,0
3.4,61.6,0
5.4,39,0
5.1,47.4,0
2.8,40.3,0
4.4,39.9,0
7.5,30.1,0
7.3,42.1,0
5.4,28.6,0
4.9,43.1,0.2
6.3,46.4,0
9.2,44.5,0.5
7.2,86.1,8.5
7.9,64,0
12.6,44.5,0
14.6,42.1,0
7.5,84.4,14
5.1,57.3,1
8,55.1,1
6.2,50.8,0.5
5,49.3,1.5
5.5,54.5,0.5
6.9,42.6,0
11.4,38.6,0
8.3,40.4,3.5
7.5,31.5,0
13.2,54.5,0
14.8,62.3,0
12.3,37.4,0
9.8,27,0
6.6,70.8,9.5
9,58.8,0
11.4,43.8,0
11.2,59.3,5.5
12.3,67,0.1
9.3,78.9,4.5
11.7,55,0.1
12.8,51.4,0
16,51,0
13.5,67.6,21
13.4,48.8,0
13.2,52.4,1
12.4,67.1,1
12.6,64.8,0
13.9,58.1,0
14.3,51.8,0
14.6,54,0
18.7,41.4,0
19.4,33.6,0
18.1,55.3,2.5
14,89.3,22
17.9,55.5,0
19.1,61.3,1
21.6,45,0
20.2,46.9,0
19.4,57,0
22,33.3,0
20.2,36.6,0
17.7,62.8,14.5
16.6,80.9,19.5
14.4,76,0
17.7,43.3,0
19.7,49.4,0
22.1,59.3,0
21.3,58.9,0
24.7,49.6,0
23.9,45.9,0
19.7,80.4,56.5
18.9,89.1,11.5
16.1,87.8,2.5
19.2,57.9,0
21.3,46.6,0
21.7,44.3,0
23.5,48.6,0
21.3,59,0
22.8,54.3,0.2
24.8,51.8,0
25,55.9,0
25.7,50.9,0
26.4,48.5,0
27.4,38.3,0
27.5,35.5,0
23.7,57.9,7
20.5,85.4,6.5
23,70.5,0
24.6,62.3,0
24.6,58.4,0
22.5,69.8,0
22.3,76.8,0.5
21.7,90.1,12
24.3,71.1,0.1
25.8,58.5,0
26.6,57.5,0
25.1,63.9,0
22.9,69.6,0.3
23.5,66.6,0
25.1,58.6,0
24.5,59.8,0
25.1,63.1,0
25.5,61.1,1.5
27.2,54.8,0
27.7,60.4,0.2
27.1,58.4,0
24.3,82.5,51.5
25.2,69.1,0
24.9,84.3,32.5
25.6,73.4,1
25.2,73,0
24.9,78.8,3
24.3,88.6,68
24.5,87.3,6.5
25.3,82.8,1
24.6,86,14
23.6,88.4,74
24.2,90.1,165
24.1,90.9,23
26.5,80.1,3.5
26.9,70.4,1.5
24.2,89.1,18.5
25.1,85.6,26.5
26.8,72,0
27,72.4,1
26.8,78.8,0.5
26.4,81,84.5
25.7,87.3,56.5
24.7,79,11.5
26,71.8,0
26.5,70.9,0
26.2,67.8,0.2
25.3,85.5,11
26.5,82.3,3.5
26.3,73.9,9.5
26.4,75.4,8.5
28,67.3,0
27.4,80.4,7.5
28.9,72.3,0.1
28.3,76.4,4.5
27.7,78.9,7
26.4,80.8,45
28.7,73.8,0
29.3,73.5,0
29.2,79.9,0
28,82.4,2
28.7,71.8,0
29.3,69.8,0
29,65.6,0
28.6,67.1,0
28.7,71.5,0
28.7,71.8,4.5
28.7,69.6,0
28.3,72.8,13
28.2,68.9,6
27.4,62,0
28.8,54.9,0
29.3,58.6,0
25.7,78.9,35
26.6,60.4,0
27.1,52.3,0
27,52.3,0
25.6,61.6,0
26.4,59.4,0
25.5,79.1,21.5
25.1,69.6,0
24,65.8,2.5
23.5,54.6,0
22.4,49.9,0
21.7,43.5,0
22,46.5,0
21.2,52.9,0
20.8,59.6,0
21.9,61.8,0
22.9,63.4,0
23,67,0
22,76.3,11.5
20.1,90.6,36.5
23,80.4,0.5
22.9,87.5,50
23.1,81.1,11.5
23.4,59.5,0
20.9,49.3,0
22.6,48.4,0
24.4,54,0
24.7,56,0
23.4,71.5,0
23.8,66.9,0
23.1,54.9,0
23.8,55.6,0
22,81.8,4.5
19.5,57.3,0
17.3,36.9,0
17.9,50.9,0
17.4,70.6,4
17.2,86.1,19
20.7,71.8,1
21.6,66.8,0
19.4,58.6,0
16.3,49.1,0
17.4,54.6,0
20,48,0
20.8,53.5,0
22.8,65.9,0
20,83.4,3
20.5,63.9,0
21.1,71,0
18.1,57.5,6.5
16.4,53.8,0
17.3,62,0
18.3,63.6,0
12,79.4,3.5
11.2,53.1,0
12.4,55.5,0
13.6,54.8,0
14.6,59.1,0
16.7,60.1,0
16.2,50.3,0
15.9,46.1,0
16.2,49.1,0
13.1,50.8,0
9.3,41.9,0
10,50.5,0
11.4,56.3,0
11.6,65.5,0
12.7,71.3,0.5
10.5,58.9,0
11.7,54.9,0
14.8,50.8,0
11.6,79.8,7.5
11.9,80.3,0
12.6,70.3,0
12.3,64.3,0
12.2,77.5,1
12.2,52.9,0.1
9,43.4,0
11.6,62.1,5.5
5.5,45.3,0
2.6,32.9,0
3.4,36.1,0
4.8,43.5,0
6.7,55.1,1
8.2,78.3,2
7,72,2
5.2,58.1,1
1.1,53.6,0
1.1,53.9,0
1.5,38.8,0
2.6,48.8,0
4.6,57.9,0
7.1,64.6,0
7.3,74.3,14
4.7,64.6,9.5
2.1,60.9,1.5
0,66.8,1.7
-3.8,48.9,0
-0.7,52.9,0
5.3,56.9,0
4.5,66.9,0
3.9,64.3,0
6.7,62.6,0
5.5,72.8,0
5.5,73.4,0
3,42.6,0
6.2,60.8,0.1
4.2,75.3,0
3.8,83.1,14
0.3,56.1,0
-1.7,64.1,2.6
-3.2,69.9,4.1
-6.8,47.5,0
-4.9,65.4,1.1
-4.4,48.1,0
-3.6,52.6,0
-0.3,52.4,0
2.2,65.1,0.8
-3.5,60.6,0.3
-4,56.3,0
-3.1,56.4,0
-2.1,57.5,0
-1.1,57.1,0
-1.6,58,0
-0.5,60.4,0
-0.5,67.8,1.6
-6.8,49.5,0
-6.5,44.1,0
-2.9,59.8,0.1
2.2,55.4,0
3.8,58.8,0
4,51.3,0
1.5,35.4,0
2.3,54.4,0
-0.1,47.1,0
-0.8,48.4,0
0.8,50.4,0
3,56,0
0.5,56.6,0
-7.8,26.3,0
-4.7,48.6,0
-1.7,44.1,0
-2.4,43.5,0
-6.2,26,0
-4.3,33.8,0
-2.9,42,0
0.1,59.9,0
-0.1,55.9,0
-2.2,42.4,0
-2.6,44.8,0
-1.5,83.3,5.3
-5.5,62.6,0.7
-3.9,60,0
-0.8,65.6,0
3,64.4,0
4.2,74.4,3
-2.1,42.1,0
0.2,48,0
1.5,52.8,0.5
2.2,40.1,0
4,66.1,3.5
1.3,26.1,0
4.9,63.8,11
4.9,91.6,0.5
-3.5,38.5,0
-7.4,25.9,0
-4.8,27.5,0
-1.3,29.8,0
2.4,47.3,0
0.2,79.4,4.3
-1.6,76.5,0.2
-0.1,55,0.2
0.2,42.1,0
1.2,49.3,0
1.9,46.1,0
2.7,47.3,0
2.7,54.6,0
2.8,53.3,0
4.2,45.5,0
2.5,45.9,0
2.1,48.6,0
1.2,61.5,0
0.9,49.1,0
2.2,49.3,0
3.1,50.6,0
4.1,58,0
5.7,59.9,0
8.4,44.9,0
7.7,55.4,0
6.7,58.8,0
6,61.1,0
4.5,46.4,0
5.2,34.4,0
6.3,48,0
1.4,44.8,0
0.3,43.4,0
-0.6,45.9,0
2,55,0
1.4,56.4,2.2
1.5,50.4,0
4.5,65,0
6.9,75.8,0.2
5.2,54.5,0
3.4,54.6,0
6.8,66.8,0
11.3,68.3,0
12.6,79,0.5
10.5,75.3,0.4
9.6,65.5,0
6.3,71.3,0.4
5.9,52.5,0
8.6,63.5,0
9.6,63.6,0
10.9,60.5,0
14.6,75.9,0
15.4,64.6,0
13.5,68.9,0
16.6,57.3,0
15,73.4,3.5
14.9,63.5,0
14.5,49.3,0
15.6,33.8,0
15.5,30,0
10.2,63,0.5
6.6,52.6,0
6.2,60.5,0
7.4,50.6,0
10.3,64.9,0
11.9,60.9,0
10.3,85.3,0
12.5,71.5,0
13.6,69.5,0
14.3,68.8,0
17.2,54.9,0
16.3,53.3,0
12.9,80.1,0
14,81,0
14.7,67.4,3
15.9,59.9,0
14,56,0
14.6,54.4,0
15.1,55.1,0
16,43.1,0
17.2,49.4,0
18.6,49,0
19,32.5,0
18.7,38.9,0
15.6,86.6,8.5
13.6,91.6,13.5
15,69.5,5.5
16.1,62.1,0
16,60.5,0
15.7,70.9,1
13.1,54.6,0
12.3,57.8,0.2
11.3,56.5,0
13.1,45.9,0
15.7,48.3,2
14.5,83.9,4
16.8,60.8,0
20.5,43.4,0
18.9,54.4,23
16.4,79.1,10
19.2,69.9,0
19.6,59.1,0
18.2,66.9,0.3
19,50.3,0
20,48,0
20.3,50.1,0
20,55.1,0
21.5,45.4,0
20.1,65.3,0
20.9,63.4,0
22,68.4,0
21.3,68.8,0
20.5,78.9,21
19.4,67.4,1.5
22.8,49.5,0
24,60.8,0
23.2,54.6,0
24.8,42.5,0
26.2,50.3,0
24.7,58.1,0
22.6,73.5,2
18.7,95.3,33
22.8,61.5,0
22.9,58.8,0
24.4,58.9,0
23.5,65.1,0
21.4,75.3,0
22.9,70.8,0
23.6,72,5.5
20.5,87.1,19
21.2,73.9,0.1
21.3,79,0
22.5,71.6,0
23.2,69.9,0
23.9,66.4,0
24.5,71.8,3.5
24.4,71.3,0.1
22.5,79.3,0
24.2,76.5,1.5
23.1,80.9,8.5
23.7,74.4,0.4
21,91.4,24.5
22.9,74.6,0
23.8,74.1,0
24.4,68,0
24.1,74.8,0
23.8,71.6,0
24.1,70.3,0
25.3,68,0
26,67.8,0
25.7,77.3,20.5
22.6,85.5,2
26.8,62.1,0
25.7,70.4,0
25.7,65.8,0
27.1,61.4,0
25.9,73,0.2
27.6,78.3,0.5
28.9,57.9,0
27.1,63.4,0
25.3,74.3,0
25.4,73.4,0
26.4,70.8,0
26.8,69.4,0
26.6,68.4,0
25.9,75.9,0.2
26.1,80.5,1.5
27,79.8,0
27.9,75.8,0
27.3,73.9,0
25.9,83.9,16.5
23.6,90,55
21.9,92.8,48
27.5,81.9,59.5
22.6,86.1,2.5
25,75,0
26.6,71.6,0
26.5,68.4,0
28.6,70.6,0
28.6,75.9,1.5
30.2,63.4,0
31.4,55,0
26.5,87.6,13
26.4,93,6.5
26.6,87.5,0
24.4,92.4,10.5
24.7,91.1,0.2
26.1,62.3,0
26.5,48.4,0
23.4,79.4,42.5
23.7,78.4,0
25.8,77.8,0
24.2,75.3,0
22.3,78.6,0.5
24.9,72.9,0
26.1,73.9,0
24,81.1,3
22.3,90,11.5
22.3,96.6,4.5
24.8,86,0.5
23.1,96.5,46.5
24.7,83.4,15
25.2,79.5,0.5
25.6,75.5,0.1
25.9,71.8,0
25.4,71.4,11.5
24.6,66.8,0
25.1,65.3,0
25.2,71.9,6.5
24.6,71.6,0
24.1,68.6,0
24.1,72.5,1.5
23.1,73.6,6
19.1,99.8,57.5
22.4,79.4,0
23.8,76,0
25.2,66.9,0
25.3,72.1,0
24.8,75,0
23.3,66.5,0
22.4,60.6,0
23.3,61.1,0
21.3,74.9,0.1
23.1,60.9,0
23,60.6,0
23.1,64.9,0
21.3,43.8,0
20.2,52.3,0
20.6,56.5,0
21.4,55,0
21.6,52.5,0
20.2,61.6,0
21.4,57.5,0
23,52.1,0
20.3,77.9,6.5
22.2,66.9,0
21,78.1,0
21.4,79,0
21.7,85.5,0.5
19.4,99,16
18.9,72.5,0
19.2,68.6,0
18.1,89,9
16.1,74.3,0
16.9,62,0
17.1,53.1,0
16.6,57,0
16.1,64.8,0
16.7,61.5,0
18.6,60.4,0
19,63.3,0
19.4,57.4,0
21.2,48.5,0
17.4,51.9,0
13.8,51.8,0
13.8,60.4,0
13.2,53.8,2.5
13.6,53.8,0
15.5,68.9,0
17,61,0
14.4,97.8,21.5
13.8,92.8,18.5
13.6,69,0
13.8,67.8,0
15.1,78,0
16.5,81.1,0
16,76.9,0.5
10.7,35.3,0
10.2,43.4,0
12.1,46.4,0
14.2,45.8,0
15,62.1,0.2
17.3,63.4,0
12,50.5,2.5
9.3,40.9,0
11.3,60.5,0
12.4,65.6,0
13.5,61,0.5
9.8,52.5,0
9.9,61.9,0
10,46.3,0
9.4,49.9,0
9.4,67.4,2
6,50.6,5
-0.2,38.5,0
4.2,54,0
4.1,38.3,0
6.6,42.6,1
6.2,75.5,1.5
5,53.4,0
5.6,55.4,0
7.9,61.9,0
11.3,62.5,0
11,90.9,4
9,80,0
9.8,59.8,0
10.2,56,0
11,58.8,0
10.4,69.9,0
8.8,88,18
8.3,83.9,0
9.1,88.1,7
-1.1,58.8,0.5
-5.4,42.3,0
-3.3,70.6,0.9
-4.6,43,0
-6.6,45.5,0
-5.6,47.5,0
-3.4,43.9,0
-1.6,48.4,0
-2.4,44.1,0
1.6,58.8,2
-1.5,64.8,0.5
-3.8,70.4,0.1
-5.2,45.8,0
-3.6,60.5,0
-0.1,90.6,10.5
-4.9,58.9,0
-9,41,0
-8.3,39.9,0
-3.8,54.5,0.9
-1.7,66,2
-6.4,58.5,0
-4.7,64.6,0.3
-1.3,67.1,0
1.7,66.8,0.2
-2.6,52,0
-3.2,45.6,0
-1.8,46.8,0
-0.8,64.1,0
2.9,73.1,0
1.9,62.8,0
-1.9,47.4,0
-7.7,41.4,0
-6,45.9,0
-2.7,56.1,0
2.5,70.1,0
3.7,73.1,0.4
-3.2,52.4,3
-5.5,33.1,0
-5.1,45.8,0
-2.1,58.3,0
-0.3,56.5,0
-0.4,57.8,0
-2.7,37.8,0
0.2,39.6,0
2.5,41.1,0
2.8,53.6,0
0.8,73,0.3
-4.1,46,0
-1.3,68.4,4
-0.1,68.1,0.1
-0.9,55.8,0
2.6,58.3,0
3.1,60.6,0
1.2,66.4,0
3.7,62.9,0
3,78.4,3
3.6,87.5,0.5
-3.6,55.4,0
-4.1,49.3,0
-1.1,56.4,0
-3.3,51.8,0
-4.5,46.4,0
-3,44.9,0
-0.6,47.3,0
0.6,54.5,0
0.4,64.5,0
-0.1,57.1,0
0.4,57.3,0
1.2,65.3,0
-9.8,34.1,0
-5.7,54.6,0.2
1.7,69,0
2.7,60.3,0
-2.2,36.8,0
-1.6,46.4,0
2,72.9,0
7.9,61.6,0
5,91.9,10.5
1.9,78.5,0.5
0.8,72,0
2.2,67.1,0
5.2,55.3,0
5.7,79,8
3.5,78,2.5
0.9,60.4,0
2.1,60,0
5.4,48.6,0.5
1.2,56.9,0.5
-1.3,35.6,0
2.7,40.5,0
2.4,56.8,0
3.9,43.5,0
2.8,69.5,5.5
-2.1,43.4,0
-0.3,41.1,0
2.9,37.8,0
4.2,45.5,0
7.7,42.5,0
2.2,43.4,0
-3.4,30.6,0
0.4,45.1,0
2.1,41,0
5.6,45.4,0.1
4.3,31.4,0
5.5,42,0
9.8,44.4,0
10.7,51.9,0
10.7,61.5,1.5
12.4,50.9,0
13.4,32.5,0
11.7,31,0
8.3,33.3,0
4.6,24.3,0
5.4,32.8,0
6.5,45.9,0
7.9,47.5,0
9.1,50.5,0
9.7,35,0
10.5,61.9,0
13.2,57.4,0
12.9,80.6,2.5
12.9,67.9,2.5
14.8,70.5,28
10.6,83.4,3.5
13.5,48,0
10.5,75.1,0.5
10.3,55.8,0
8.4,59.5,0
8.3,52.5,0
9.6,43,0
11.6,40.5,0
13.5,39.3,0
14.9,30.6,0
12,53.9,6.5
6.9,89.9,10.5
11.1,72,1
9.9,69.5,7
10.5,45.4,0
15.2,31.9,0
14.5,74.8,12
12.2,75.3,5.5
14,46,0
14.2,47,0
14.5,41.1,0
15.7,38.3,0
15.9,31.3,0
17.3,37.6,0
18.5,39.3,0
20.3,38.6,0
17,77,3.5
21.2,56.6,0
21,58.8,0
20.7,64.4,0.5
18.3,90.4,3.5
16.1,45.9,0
14.2,37.9,0
15.4,36.3,0
16.5,35.6,0
16.7,64.3,0
17.6,55,0
19.1,39.6,0
18.4,62.1,14
13.3,75.9,9.5
17.4,56.9,0
20.4,63.8,0
19.1,71,0
18,41.3,0
18.6,40.4,0
17.7,53.9,0
14.8,88.9,1
16.3,60,0
18.7,50.1,0
20,45.3,0
20.6,38.5,0
21,37.3,0
20.8,53.1,0
21.5,48.9,0
23.2,32.9,0
24.3,27.1,0
23.8,36.8,0
19.8,71,0.4
22.1,52.8,0
21.7,44.6,0
23.1,46.9,0
23.3,33.3,0
24.2,28.9,0
19.1,58.8,1
22.4,50.4,0
23.4,46.8,0
22.4,54.9,0
22.2,66.3,0
25.3,54.3,0
24.6,59.6,7.5
23.6,63.1,0.5
24.7,61.9,0.5
22.8,70.3,15.5
24.2,65.6,0
25,65.9,0
23.4,72.8,9.5
24.8,59.4,3
24.5,57.8,0
19.6,91,44.5
22.4,69.1,0
24,60.4,0
24.7,64.1,0
25.7,58.3,0
24.8,65.1,2
21,75.8,12.5
25.2,55.3,0
25.4,61.8,0
25.7,61.8,0
24.4,70,2.5
23.7,66.3,0.5
23.7,64.5,0
23.3,62.6,0
24.1,55.8,0
24.2,57.4,0
25.3,54.3,0
25.6,52.1,0
23.4,69.8,0.5
26.5,61.3,0
29.2,60.9,0
30.4,60.3,0
24.8,94.1,29
23.1,90.8,10
26.1,72.4,0
27.9,58.8,0
24.7,51.3,0
23.6,49.8,0
24.3,63.5,0.5
25.1,77.4,5
27.5,71.4,0
27,81.6,11
27.7,76.9,1
26.9,81,16
24.7,96.9,26.5
25,95.1,80
26,85.5,40.5
26.2,86,1.5
27.7,74.4,0
26.7,82.9,4
28.6,76.4,0
27.9,74.3,0
28.2,72.8,0
26.5,84.3,16.5
27.9,71.5,0
27.5,73.3,0
28.6,67,0.1
29.3,64.5,0
28.9,71.3,11
26.6,79.1,7.5
26.7,74.4,0
27,72.1,0
26.8,73.6,0
27.3,67.5,0
26.5,68.6,0
26.9,66.4,0
27.1,70.4,0.1
25.8,74.9,29
26.6,61.5,0
27.9,59.9,0
26.8,70.3,0
25.4,75.5,0.4
25.2,78.3,2.5
25.5,69.8,0
26.3,65.5,0
26.3,60.6,0
21.7,76.4,5.5
21.9,68.4,0
24.7,61.1,0
23.2,69.4,0.3
24.4,65.8,0
24.9,65.9,0
25.9,62.9,0
25.9,59.4,0
23.9,72.8,0.5
23.9,75.1,18
24.8,68.5,0
21.9,79.8,5
22.2,60.4,0
22.6,52.9,0
22.7,43.6,0
22.4,42.9,0
22.4,62.3,0
21,76.4,2.5
19.2,60.4,0
20.2,54.1,0
22.1,61.1,0
22.8,48.5,0
21.6,45.5,0
21.4,46.4,0
21.9,52.1,0
22.3,58.3,0
22.1,69,0
22.6,62.1,0
23.9,48.4,0
22,57.9,0
23.4,56.4,0
23.4,56.5,0
22.4,54.5,0
21.9,39.4,0
21.4,39.6,0
22.1,36.6,0
21.3,45.3,0
16.3,77.5,35
16.5,53.5,0
19.2,49.4,0
16.6,38.9,0
18,49.4,0
18.7,57.5,0
19.6,67.5,0
20.1,61.1,0
16.2,43.8,0
12.8,70.9,3.5
10.8,72.6,3.5
12.3,56.5,0
15,66.4,0
17.1,64.6,0
17.9,62.1,0
17.5,71,0
18.7,64.8,0
17.9,65.1,0
18.1,67.4,0
18.8,69.5,0
17.9,72.5,0
17.5,64.8,0
17.5,69.1,0
16.9,64.4,10.5
16.3,51,0
15,66.8,2
12.1,69.3,26.5
9.9,49,0
8.4,50.4,0.5
5.4,41.8,0
5.7,42.5,0
7,48.4,0
10.8,60.5,0
11.8,67.6,0
12.2,62,0
13.2,63.9,0
13.5,63.9,4.5
10.5,91.5,24.5
11.1,90.6,10.5
10.8,87.6,3.5
10,80,0
11.6,72.4,0
14.5,63.5,0
11.5,83.8,22.5
12.8,97.3,3.5
13.4,84.5,0
12.2,85.1,5.5
13.9,69.6,0
10.4,70.6,5.5
8.9,72.8,0
9.8,72.6,0
9.2,55.9,0
10.2,66.5,3.5
8.5,80.9,6.5
5.6,69.5,0.5
2.4,86.8,11
-2.7,63.8,0
-2.8,59.1,0
0.1,70.8,0.1
2.5,87.9,3
4.1,69.1,0
4,57.8,0
6,71.4,13.5
-0.7,79.3,7.1
-0.4,63.9,0
3.4,51.4,0
1.3,46.4,0
1.9,51.1,0
2.9,55.9,0
5,57.4,0
7.8,74.8,0.3
6.4,56.5,0
5.2,50.1,0
5.2,50.5,0
5,75.6,2.5
4.7,69.8,0.1
-1,50.9,0
-4.6,43.4,0
-3.3,61.9,0
-0.1,66.3,0
1.5,56.9,0
2.2,76,2
3.1,67.9,0
5.9,59.6,0.4
1.5,67.5,0
-0.8,46.3,0
0.9,73.3,0.7
-5.7,39,0
-5.7,38.4,0
-3.2,47.6,0
0.3,67.6,2.5
0.7,81.3,0
1.2,73,0
5.7,76.9,0
6.5,80.6,0
2,54.4,0
-2.7,39.4,0
-1.7,54.3,0
-3.4,51.8,0
-3.3,49.8,0
-2.1,57.1,0
0.3,42.3,0
-3.8,38.3,0
-5.2,46,0
-4.5,63,0.4
-3.4,52.1,0
-0.4,52.3,0
-0.2,68,0.1
1.7,64,0
-6.3,59.8,0.2
-12.8,45.9,0
-10.5,43.6,0
-7.1,44.3,0
-7.6,40.5,0
-11.5,42,0
-14.4,48.5,0
-9.4,47.1,0
-3.3,64.5,0.3
-1.1,56.3,0
-0.5,51.5,0
1.9,43.6,0
0.6,59.5,0
-3.9,34,0
-6,36,0
-5.3,41.8,0
-2.4,49.6,0
-0.7,50.1,0
-2.2,39.4,0
-3.1,38.6,0
-2.9,46.5,0
1.3,62.1,0
0.3,52.5,0
2.7,38.5,0
8.1,29.3,0.1
8.4,95.3,18
11,95,21
-2.6,73.1,2.5
-5.8,48.4,0
-2.7,65.6,0.8
0,53.9,0
3.5,66.4,0
2.3,56.4,0
1.3,37.1,0
-0.6,36.4,0
1.1,36.6,0
0.7,56,0.9
-3,42,0
-0.2,49.9,0
2.2,41.3,0
3.3,57.6,0.2
0.7,65.5,4.1
-3.8,48.6,0
-2.7,47.3,0
3.1,67.9,0
8.1,65.1,0
13.2,55.3,0.1
11.3,91.3,40
7.9,51,0.2
8.1,36.9,0
2.7,40.4,0
0.3,37.5,0
-1.1,37.8,0
-0.5,43.8,0
2,55.6,0
3.7,68.1,0.1
4.7,57,0
5.2,43.4,0
7.5,45.1,0
9.3,40.9,0
13.4,50,0
11.4,58.3,0
10.6,54,0
9.9,54.1,0
8,58.1,0
8.2,49.6,0
7.2,36.5,0
7.1,43.9,0
6.5,54.5,0
7.2,55.6,0
9.8,47.8,0
11.3,57.8,0.1
11.5,49.9,0
13.5,27,0
15.3,26,0
15,40.8,0
10.7,75.1,2
12.3,42.6,0
11.4,45.1,0
14.4,44.3,3
14.1,69.5,7.5
11.1,76.1,0
10.7,83.9,0
13.4,71.3,0
12.5,43.8,0
14.1,42.6,0
15.6,67.5,1
12.4,75.9,0
15,46.4,0
14.9,58.9,23.5
10.8,66.8,20.5
11.2,65.4,1.5
12,55.1,0
14.3,54,0.5
13.5,87.6,17
13.5,83.4,0
13.5,52.1,0
15.5,39.6,0
17.2,34.8,0
21.1,34.8,0
17.2,32,0
17.2,34.4,0
16.2,47.6,0.3
15.9,45.3,0
18.8,40.5,0
21.1,64.5,16.5
12.9,86.1,27
15.7,46.6,0
18.9,50.8,7.5
16.3,89.3,9.5
16.5,60.3,0
19.4,44.8,0
20.2,43,0
14.5,82.4,13.5
16.4,60.9,0
17.8,62.4,0
18.6,57,0.5
20.2,47.1,0
17.4,73.9,45
15.9,57,2.5
19.3,48.8,0
22.3,40.3,0
24.3,36.4,0
24,32,0
24.1,23.8,0
24.7,35,0
23.3,43,0
16.8,82.6,38.5
19.7,67.9,0
19.4,72,0
20.9,61.3,0
21.7,56.1,0
21.5,56.1,0
22.1,57.3,0
21.6,63.6,0
23.3,45.8,0
23.2,38.3,0
22.2,48.1,0
21.2,51.8,0
24.7,47.3,0
23.3,49.1,0
21.7,69.5,0.1
22.1,65.9,0
24.1,59.5,0
24.6,60.9,0
23.5,74.3,3
23.5,79.4,1.5
23.5,70.5,0
23.8,62.5,0
20.9,81.8,15.5
20.9,73.5,0
23.8,63.1,0
24.5,58,0
24.1,64.5,0
24.7,66,0
26,60.1,0
24.3,75.1,30.5
24.7,71,0.1
23.1,75.8,3.5
22.8,63.1,0
24.4,58.4,0
24.4,55.5,0
24.7,61.1,0
25.3,58,0
24.6,78.1,0.2
24,86.5,108.5
23.5,81.4,4
23.5,70.4,0
21.8,85.1,29.5
23.1,93.6,100.5
22.9,74,0
24,71.6,0
27.3,66.5,0
27.7,64.8,0
27.9,64.4,0
28.4,67.4,0
26.3,65.5,3
26.3,69,0
27.5,66.9,0.1
26.2,60,1.5
20.8,92.8,46.5
21.7,82.9,2.5
24.4,75.1,0.2
27.1,65.5,0
28.6,62.5,0
28.3,61.3,0
29.1,64,0
28.7,70.4,0.5
28,77.9,0.5
28.4,75.3,0
28.4,69,0
27.6,76.4,0.5
28,70.6,0.2
26.3,82.3,59.5
28.6,73.5,0.5
28.9,72.1,0.2
28.4,72,0
27.2,72.5,2
29.1,65.4,0
30.7,59.6,0
31.2,60.1,0
30.5,64.8,0
30.6,56,0
30.5,63.1,0
29.3,68.3,1
29.4,66.3,0
30.5,64.1,0
30.4,68.3,0
30.2,67.9,0
28.9,74,0.2
29.1,65.5,0
29.3,64.9,0.5
29.9,60.4,0
29.9,61.9,0
28.9,69.5,11.5
30.1,59,0
30.7,57.5,0
30.7,58,0.4
28.3,68.8,8
29.1,59.1,0
27.1,70.4,4.5
23,57,20
23.4,43.3,0
21,62.5,1.5
22.2,54.5,0
20.6,60.4,0
17.7,85.3,17.5
23.2,71.3,0
24.2,68.5,4.5
23.9,73.8,0.5
25.6,71.3,0
26.4,66.1,0
24.7,69,0
24.3,69.8,0
23,76.4,4.5
23.9,71.1,0
24.4,65.4,0
24.5,66.3,0
23.4,68.9,2.5
24.6,62.5,0
24.6,66.1,0
23.9,68.1,0
24.6,64.9,0
23.1,64.8,7
23.5,53.4,0
21.9,53.3,0
20.6,41.1,0
20.2,43.4,0
21.9,46.3,0
21.4,57.9,0
22.3,60.6,0
23,57.6,0
23.6,59.1,0
21,82.5,13.5
19.9,84.6,0.5
20.4,64.4,0
20.5,66.9,0
21.1,69,0
19,84.1,18.5
22.7,73.3,6.5
22,58.9,0
21.1,61.9,0
18,59.3,0
19.7,67.8,2
16.8,66.4,6
11.3,46.3,0
14,43.3,0
15.4,62.4,0
15.5,57,0
15.2,44.1,0
16.7,61.8,0
19.1,60.6,0
17.2,74.1,1.5
17.5,76.1,0
17,70.9,0
18,67.6,0
18.6,61.3,0
17.9,58.6,0
18.3,59,0
13.3,66.3,2.5
15.1,54.8,0
14.1,84,37
13.3,81,0
14.6,65.4,0
14.6,61.8,0.3
7.8,40.3,0
7.9,31.9,0
5.7,59.9,0.5
1.5,43.6,0
4.1,53.1,0.1
9.1,62.8,0.2
12.3,67,0
15,77.4,0
14,59.4,0
12.8,71.3,5.5
4.1,58,0.5
2.1,41.1,0
6,55.5,0.4
9.1,63.3,4
11.4,62.1,0
14.4,74.8,0.5
13.2,78.5,1.5
5.2,44.3,0
5.2,44.3,0
9.1,56.4,0
10.3,58.4,0
13,71.1,0
9.8,48.6,0
9.5,40.5,0
2,43.3,0.2
-1.8,37.5,0
-2.5,37.8,0
1,43.9,0
0.9,69.6,2.8
3.3,81.3,0
1.4,57.9,0
1.7,40.8,0
6,59.8,1
4.1,47.6,0
1.6,48.4,0
4.5,58.8,0
5.5,60.1,0
5.9,69.1,1.5
-1.1,38.5,0
1.7,58.3,0
2.1,70,3
1.4,65.8,3
-1.6,47.6,0
-1.1,42.6,0
2.3,37.9,0
3.4,53.6,0
-1.4,68.1,0.1
-5,41.8,0
-4.7,40.3,0
2.7,60.1,0
4.9,68.8,0
7.2,66,0.1
7.6,71.3,0
7.9,75.5,29
5.5,90.3,23.5
-2.5,71.1,0.1
-2.4,66,0
1,69.5,0
2.5,73.8,0
-2.3,54.6,0.5
-3.7,49,0
-4.2,53.1,0.3
-3.9,50.9,0
0.7,65.4,0
2.7,75.9,0
5,77.8,0.3
2,61.8,0
3.9,55,0
3.8,52.3,0
5.4,58.5,0
4.6,64.9,0
6.5,61.4,0
1.5,60.8,0
-3.7,45.1,0
-3.8,36.4,0
-2.2,43.1,0
-6,47.4,0.6
-8.4,33.3,0
-6.6,35.3,0
-3.8,37.6,0
-2,46.6,0
-0.5,68.9,0
-1.2,55.4,0
-4.4,70.3,4
-5.2,78.1,2.1
-8.3,51.3,0
-8.9,48.4,0
-7,49.6,0
-5.2,50.6,0
-1.3,64.4,0.3
-2.6,47.3,3
-1.6,38,0
0.8,71.1,4.5
-4.8,61.4,0.1
-5.4,44.8,0
-4,44.5,0
-2.7,52.9,0
1.5,65.4,0
0.9,69.4,0
1.2,75.3,0.5
-1.7,51,0
-2,45.4,0
-2.2,50.1,0
-5.3,47,0
-6.6,44.3,0
-4.8,45.4,0
-2.2,51.3,0
0.1,59.6,0
0.3,46,0
1.8,52.1,0
5.5,63.9,0
0.8,56.9,4
-2.6,49.4,0
2.3,68,1
-1.5,53.8,0.5
-0.6,37.1,0
1.7,70.8,5.1
-1.5,56.4,0
-0.8,51.3,0
2.6,63.6,0
3.6,52.8,0
3.7,37.4,0
5.6,41.5,0
5,65,5
1.8,59.5,0.5
3.3,54.4,0
5.7,60,0
5.2,71.6,0.5
0.1,41.3,0
-1.3,37.5,0
-0.1,50.6,0
3.2,47.3,0
4.8,37.4,0
7.3,37.4,0
8.2,58.4,0
6.9,49.8,0
5.8,37.5,0
6.3,34.9,0
6.2,41.8,0
7.7,43.1,0
9.5,34.1,0
10.9,36,0
10.2,40.4,0
7.4,48.1,0
7.6,32.8,0
9.1,34,0
8.7,41.4,0
8.1,41.1,0
7.3,53.1,0
6.1,67.4,0.4
7.1,59.8,0
8.8,54.9,0
10.6,50,0
8.6,70.6,1.5
9,60.5,1
9,53.1,0
11.4,45.6,0
14.1,35.3,0
12,66,37.5
10.4,90,3
14.5,68.1,0
13,74.5,0.5
14.8,59.6,0.5
16.5,25.8,0
15.3,36.8,0
11.5,21.8,0
12.7,54,0
13,57.9,6
16.8,59.4,0
18.7,52.9,0
14.7,66.5,5.5
11.7,76.5,7.5
12.6,43.1,0
12.9,45.4,0.1
13.1,56.5,0
14.8,48.4,0
14.9,40,0
15.1,39.4,0
16,56.8,0
15.1,36,0
13.6,41.8,0
14.4,57.3,0
17.1,44.3,0
19.3,57.9,0
20.1,50.8,0
20.7,42,0
21.5,34.1,0
21,43.6,0
20.9,53.4,0
14.9,32,0
16.6,42.6,0
17.9,43.6,0
17.1,62.6,2.5
16.4,73,2.5
19.3,65.3,0
19.1,71.6,0
16.4,77.8,6
15.7,58.3,0
16,61.4,0
17.1,60.5,0
18.6,51.5,0
20.4,41.9,0
21.1,42.6,0
20.9,44,0
21.5,48.1,0
21.8,53.6,0
20,68,5
21.8,60.4,0.1
19.2,45.6,0
17.7,41.5,0
19.5,46.1,0
21.2,50.6,0
22.9,61.8,0
23.6,43.5,0
23.3,49.1,0
23.3,51.8,0
20.5,37.4,0
20.5,44,0
21.7,36.9,0
24.2,33.3,0
19.4,60,15.5
17.6,91.4,12.5
20.1,67.3,0
21.2,69.8,0.1
21.5,46.8,4.5
22.8,33.8,0
22.1,45.5,0
21.5,63,0
21.8,63,0
23.1,62.4,0
25.5,55.8,0
24.2,52.3,0
24.3,52,0
24.8,50.9,0
26,43.4,0
25.4,52.6,0
25.3,57.3,0
26.7,53,0
24.5,60.4,3.5
23.8,75.4,1.5
23.1,76.9,29
25.2,67.5,0
26,63.5,0
26.2,64.8,0
25.9,65.9,0
25.3,73.6,0.5
24.3,90.5,92
24.7,87.6,67.5
26.7,74.5,0.5
27.4,66.9,0
27.6,72.3,34
26.4,80.8,16.5
26,83.3,4.5
26.3,88,32.5
24,96.5,144.5
26,81.4,1
27.1,75.9,0
27.6,71,0
28.7,68.4,0
25,89,42.5
26.2,83.4,22.5
26.8,77.3,7.5
26.5,80.6,2.5
28.3,71.4,0
29.9,66.1,0
29.8,73.1,0
29.3,75.8,0.5
27,89.5,133.5
26.2,82.3,3
29.4,64.1,0
28.7,55.6,0
27.1,62.5,3.5
25.5,92.1,8.5
27.2,72.3,0
27.9,64.4,0
25.7,82.3,3.5
28.6,73,2
30,71.9,0
30.2,60.6,0
30.3,60.1,0
31.4,63,0
29.8,71.9,5
29.2,68.1,0
28.2,67.1,0
27.6,66.4,2.5
24.8,89.9,5.5
27,72.5,0.5
27.8,60.3,0
26.3,62.1,0
24.6,67.5,1.5
21.9,93.8,93.5
23.3,80.5,2
24.8,77.1,0.5
26.3,75.6,0
26.1,75.8,0
23.2,95.6,124.5
25.8,81.5,5
27.3,70.6,0
27.2,84.1,31.5
26.5,85.3,14
25.3,61.9,0
24.2,54.5,0
22.7,62,0
21.5,73.1,9
19.5,51.4,0
19.8,55.8,0
22.2,62.4,0
23.3,56,0
23.8,59,0
23.7,64,0
24.6,53.8,0
21.9,62.4,0
20.6,75.5,2
22.4,73.3,0
24.3,67.5,0
23.8,70.1,0
23,74.3,0.5
21.2,79.8,24
22.1,58.6,0
21.4,49.3,0
22.4,48.8,0
22.6,48.4,0
22,50.9,0
23.1,51.3,0
21.9,62.8,0
22.6,79.1,8
19.5,48.9,0
20.3,57.3,0
20.6,60.8,0
21.8,69.8,0
22.4,71.5,0
23.4,58,0
25.1,57,0
22.7,66.4,0.5
19.2,49.1,0
17.4,39.3,0
20,64.9,0
18.2,74.8,4
22,62.3,1.5
17.6,49.8,0
16.7,48.5,0
18.7,56.4,0
18.9,66.4,0.5
21.9,67.6,0
23,66.9,0
22.5,66,0
21.4,76.9,0.4
15.5,77.1,20
11.4,71,0
12.8,51,0
14.4,42.8,0
15.8,42.5,0
16.6,47.6,0
16.2,47.1,0
16.5,58.8,0.1
17,58.3,0
17,58.6,0
17.6,52.8,0
16.3,50.4,0
13.7,47,0
14.4,54.3,0
14.4,59,0
14.5,56.5,0
16.9,54.4,0
17.2,51.9,0
11.5,45.6,0
7.7,27.4,0
10.4,54.3,0
14.4,72.4,0
15.5,78.8,1
12.3,66,1.5
7.8,47.9,0
8.4,52.5,0
11.4,64.5,0
14.4,61.4,0
13.1,53.3,0
9.4,39.6,0
9.8,56.3,7.5
5.9,42.9,0
5.3,57.1,0
8.4,64.4,4.5
7.5,42.5,0
3.2,38.3,0
1,30.3,0
3,39.4,0
-2.1,38.5,0
-1.6,37.8,0
-0.4,55.3,0
1.3,55.6,0
4.3,54.8,0.5
0.9,49.3,1.2
-0.4,62.5,0
3,77.6,24
3.3,71.6,0
2.5,53,0
6.4,64.1,0.5
3.2,48.3,0
-2.4,26.8,0
-2.2,49.4,0
1.9,59.9,0
4.9,83.1,4
-1.2,48.1,0.1
-4.2,40.1,0.1
0.2,72.6,1.2
0.7,64.5,0
-3.8,41.3,0
-0.5,46.1,0
1.1,67.9,4.1
-7,40.5,0
-9.4,41.9,0
-8.7,42,0
-6.6,42.9,0
-3,52.6,0
-5.7,43.1,0
-6.7,38.1,0
-1.6,80,3.4
-3.9,49.4,0
-3.9,68,0.2
-0.9,71.4,0
3.4,66.6,0
6.1,75.8,0
2.9,82,20
-2.1,43.1,0
-3.8,41.8,0
-6.9,31.4,0
-2.1,47,0
2.1,67,0
1.4,79.5,0.7
-0.3,54.4,1
-1.3,39.1,0
-1.8,42,0
-4.7,42.3,0
-4.7,43,0
-3,48.4,0
-2.8,45.8,0
-0.8,42.1,0
1.3,51.9,0.9
-4.2,59.4,0.5
-7.5,52,0.3
-11.1,49.8,0
-10.2,35.4,0
-4.4,67.3,0.4
0.6,64.1,0
4.7,63.9,0.2
3.5,59.1,0
4.5,64.1,0
2.1,59.6,0
1,43,0
2.2,57.6,0
0.4,36.6,0
0.2,56.5,3.3
-11.7,42,0
-14.2,31.6,0
-14,32.6,0
-14.8,34.9,0
-9.9,37.4,0
-6.3,36,0
-8.5,35,0
-5.3,62,2.9
-2.6,54.5,0
-4,44.1,0
-2.4,51.1,0
-7.3,47,0.5
-9.5,40.9,0
-9.4,37.8,0
-10.1,36.5,0
-8,39.8,0
-4.4,43.3,0
0.4,43.9,0
-0.5,47.4,0
-6.1,42.5,0
-5.8,40.8,0
-0.8,54.5,0
3.5,51,0
-0.7,28,0
-1.1,40.1,0
-3,25.6,0
-0.4,26.9,0
1.8,48.6,0
0.9,41,0
-0.9,31.5,0
1.3,59,0.4
4.2,81.1,3.7
2.4,49.4,0
1.9,40.6,0
3.1,43.1,0
4.2,48.8,0
4.6,73.3,25
-0.2,61.9,0.5
-0.7,34,0
7.9,38.1,0
9.8,89.1,11.5
5.5,67.5,3.5
4.5,46.8,0
6.4,54,0.5
4.6,76,4
4.5,63.3,0
4.6,65.8,0
6.4,51.3,0
8,45.8,0
12.4,60.5,0
17,58.8,0
12.4,92.1,27
7.1,46.9,0
6.6,48,0
8.2,55.9,0.5
8,64.5,1
4.7,39.9,0
2.1,64.1,1
4.9,61.5,0
6.1,55.3,0
7.6,61.9,0
9.6,65.6,0
11,64.5,0
13.3,61.1,0
14,66.4,0
15.4,66.3,0
14.8,55.6,0
14,52.9,0
15.6,68.8,0
18.4,64,0
17.8,72.9,0.1
13.4,67,18.5
7.6,90.6,10.5
5.8,71.6,6.5
4.2,45.5,0.2
3.9,59.6,3
7.9,57.9,0
15.1,51,5
12.6,49.4,0
13.3,30.5,0
14.6,22.9,0
9,78.8,9
9.5,65.5,0
11.6,41.9,0
12.9,37.9,0
12.4,35.4,0
14,38.8,0
18.4,46,0
18.7,32,0
15.5,57.4,15.5
9.3,93.9,59
12.1,63.3,3
14.6,37.8,0
14.9,51.9,0
15.7,52.9,0
15.4,49,0
16.2,43.1,0
19.2,61.6,0
20.4,72.8,0
15.1,90.4,12
11.2,62.4,1
14.1,45.5,0
18.3,46.8,0
16.6,86.4,22
19.2,60.3,0
17.5,50.9,0
15.7,50.4,0
15.4,67.4,0
16.1,59.8,0
14.2,89.3,32
15.8,82.5,0.5
18.2,71.4,0
23.2,56.4,0
22.3,93.8,45
20.9,97,83
16.3,86.8,6.5
17.6,47.5,0
17,32.1,0
17.8,43.9,0
18.1,75.5,12.5
17.3,57.1,6.5
18.3,47.4,0
19.7,47.4,0
21.8,50.1,0
20.3,47.4,0
22.3,49.8,0
21.4,69.3,1
20.2,69.8,0
20.9,58.9,0
23.8,50.4,0
23.4,44.5,0
24,39.4,0
22.6,50.1,0
23.7,52.5,0
23,62.9,0
22.2,69.3,0
21.9,68,0
23.7,60.6,0.5
21.3,59.9,0.5
20.2,67.3,5
21.3,65.5,0
22,64,0
21.6,74.9,29
21.7,60.8,16.5
22.5,56.4,0
22.8,66.9,0
24.8,54.9,0
22.4,61.3,0
22.7,68.1,0
23.7,60.1,0
25,45.1,0
24.5,50.6,0
25.2,62.8,0
27.1,57.1,0
22.3,88.3,71.5
22.3,81.9,1
23.3,85.1,26.5
24.7,78.5,6.5
24.4,83.8,14.5
21.9,94.6,83.5
22.6,95.4,59.5
27.4,74.4,0.1
27.3,69.6,0
25.3,72.8,0.5
23.9,57.8,0
23.7,51.4,0
23.3,51.5,0
20.8,82.3,14
23.7,87.8,16.5
26.8,82.9,3
26.6,82.4,1
27.3,74.8,0
27.9,69.6,0
28.3,69.6,0
28.7,64.3,0
28.1,66.5,0
28.2,64.8,0
28.7,64.1,0
29.5,62.6,0
30.6,53.6,0
31.8,49.6,0
31.7,53.8,0
31.4,59.5,0
30.1,66.3,0
30.1,68.8,0
30.9,69.3,0
29.5,77.1,7.5
31.3,52.4,0
31.7,50.9,0
32.6,50.5,0
33.6,55.5,0
33.7,54.4,0
33.1,55.3,0
31.1,60.6,0
30,71.8,2
30.5,71.6,6.5
30.5,63.4,0
31,64.8,0
28.8,76.3,2
30.7,60.9,0
31,55.8,0
30.6,61.3,5
30.5,68.6,1
31.7,58.3,0
31.7,59.5,1
29.9,51,0
27.2,39.8,0
26.7,44.6,0
28.2,50.6,0
29.1,55.6,0
26.6,71.4,5
30.7,54.1,0
29.4,59.1,3
24.4,86.3,7.5
25.2,68,0
23.2,70,2
22.7,91,19.5
23.7,92.4,96.5
25.2,86,42
25.3,80.9,9.5
25.6,67.4,0.1
25.5,59.4,0
25.1,55.8,0
23.3,85.3,34.5
23.2,69.4,0
24,63.5,0
24.1,69.9,1
22,54.6,0.5
21.7,48.8,0
22.2,49,0
22.9,49.5,0
21.6,48.1,0
22.8,52,0
23.5,63.5,0
23.5,66.9,0.5
23.3,76,0.2
22.2,83.6,2
22.3,64.3,0.1
22,59.8,0
22.1,59.1,0.2
19,82.4,5
19.4,85.8,18
20.8,62.3,6.5
19.4,52.9,0
17.6,48.3,0
17.8,48,0
19.4,47.9,0
18.9,47.6,0
17.5,58.1,0
20.2,55.5,0
17.6,52.5,0
15.4,55.1,0
15.9,61.4,0
17.3,58,0
19.3,56.5,0
16.9,84.1,36.5
18,84,55.5
16.4,53.5,0
14.8,47,0
15.3,52.5,0
12,61,7
9.7,51,0
10.9,54,0
12.5,54,0
13.2,60,0
15.2,69.9,0
14.5,55.9,0
12.4,53.3,0
12.7,59.5,0
13.1,54.3,0
13.4,53.9,0
13.4,49.5,0
14,50,0
12.2,75.1,5
12.5,66,0
13.8,55.5,0
12.2,74.1,11
8.7,49.6,0
8.3,77.1,5.5
7.2,57.3,0
6.1,51.3,0
7.4,55.4,0
8.4,53.4,0
10.6,54.9,0
11.2,56,0
11.6,55,0
11.9,65.5,0
12.2,70.5,0
12.8,79.5,2
11.8,93.8,64
12.1,69,1
11.9,69.1,0
8.1,67.6,0
8.1,52.3,0
8.8,51.6,0
9.8,55.5,0
9.7,55.4,0
8.8,65.1,0
4.9,50.8,0
6.1,48.8,0
6.5,50.4,0
6.5,39.9,0.2
5.8,57.1,1
2.3,35,0
1.9,29.6,0
2.6,71.1,10.9
4.8,77.8,0
6.3,70.1,0
7.1,65,0
5,27.1,0
3.5,41.4,0
2.7,46.1,0
5.5,42.3,0
8.2,50.1,0
11.5,87.4,9.5
6.7,74.9,5
0,39.5,0
2.4,50.5,0
-7.3,37.1,0
-8.3,37.1,0
-7.2,27,0
-2.5,33.3,0
0.2,44.8,0
-1.9,39,0
-2.2,57.4,1.3
-4.4,44.3,0
-2.4,46.8,0
0,63.8,0.3
1.6,60.1,0.3
2.6,56.3,0
4,53.4,0
3.4,45.5,0
5.6,40.1,0
6.9,48.9,0
2.4,43,0
-2.3,35.9,0
0.6,53.4,0
-1.5,40.8,0
-10.1,28.3,0
-10.5,33,0
-7.6,29,0
-6.8,35.9,0
-5.4,39.6,0
-5,49.5,0
-4.9,42.8,0
-3.5,38.8,0
-1.1,55.5,0
-2.8,40.3,0
-2.8,35,0
-1.9,46.4,0
-3.5,31,0
-4.7,28.8,0
-0.6,48.8,0
2.4,58.8,0
2.8,47.6,0
1.2,54.3,0
1.4,68.6,0
-1.7,58.8,0
-5.2,45.9,0
-0.3,45.8,0
0.6,44,0
3.6,59.8,0
-1.4,38.5,0
-1.2,57.8,0
1.7,62,0
2,48.9,0
0.1,34.9,0
-1.2,27.6,0
-2.5,30.9,0
-0.1,52.5,0
1.2,40.4,0
-0.2,35.5,0
1.8,54.6,0
-2,29,0
-2.1,47.6,0.3
1.4,60,0
3.3,92.9,16
-0.6,40.4,0
2.8,37.1,0
5.1,54.9,0
-2.1,45.5,0.5
-6.1,31.5,0
-5.4,30,0
-5,31.3,0
-3,34.9,0
-0.6,35.5,0
-2.1,26.6,0
-0.5,24.3,0
-0.8,72.8,2.2
-2.7,59,0.2
-1.8,47.4,0
0.9,43.5,0
1.4,80.8,4.6
1.7,67.8,0
2.4,59.4,0
4,56.1,0
6.8,41,0
6.3,45,0
4.7,55.8,0
5.2,32.8,0
7.8,31.3,0
6.6,39.5,0
6.6,42.3,0
7.8,37.6,0
9.4,36.4,0
9.9,46.1,0
8.4,66.3,0
8.4,55,0
7,51.1,0
6.1,39.4,0
7.2,31.8,0
10.1,26.4,0
6.6,61,0
3.9,55.1,0
3.5,38.5,0
5,45.3,0
5.5,72.8,3.5
4.3,69.9,0
6.3,55.4,0
7.1,43.8,0
10,52,0
10.3,79,16.5
7.1,77.4,3.3
3.3,40.9,0
3.3,46.9,1.7
4.3,45.4,0
7.3,56.1,0
11.4,51.1,0
11.6,66.4,0
9.4,49.9,0
9.2,33.1,0
5.2,72,1.8
4.4,46,0
5.5,39.8,0
6.7,36.9,0
7.6,36.1,0
9.2,43,0
11.4,41,0
9.3,39.9,0.8
12.6,43.1,0
11.6,25.6,0
9.2,49.1,17.4
7.1,78.4,5.6
9.5,58,0
11.4,48.5,0
11.8,34,0
9.6,45.5,1.7
11.6,30.9,0
14.9,26.3,0
15.3,37.5,0
12.6,74.4,0
13.8,57.5,0
14.3,66.9,1.2
14.8,77.8,0.3
19.3,50.6,0
20.4,52,0
19.5,70.4,4.1
13.2,75.9,11.3
8.4,82.1,4.9
11.6,52.6,0
12.9,48.8,0
13,52.9,0
15.5,52.8,0
16.4,48.9,0
17.1,28.5,0
17.9,37.5,0
19.5,40.4,0
19.2,35.8,0
14.5,27.1,0
15,33.4,0
15.6,48.3,0
16.6,43.3,0
17.8,48,0
20.3,39,0
21.6,36,0
18.7,43.4,0
19.6,44.5,0
20.7,48.1,0
23.5,43.8,0
23.6,44.9,0
22.8,46.8,0
19.4,93,22
16.4,63.6,8.7
17.2,52,0
19.5,46,0
22.1,45,0
24.2,46.4,0
23.4,45.6,0
24.5,39,0
17.8,80.9,7.1
18.1,45.9,0
20.3,48.4,0
19.6,48,0
19.1,49.6,0
18.9,60.5,0
21.1,42.1,0
23.1,42.9,0
22.6,56.4,0
23,63.8,0
21.2,75.9,7.5
20,77.3,35.3
21.9,57.5,0
21.6,66.1,2.5
18.4,70.3,9.5
20.5,51.1,0
21.5,57.1,0
23,51.9,0
23,54.8,0
21.9,61.5,2.1
22,55.4,0
21.7,59.1,0
20.8,78.6,13.8
21.4,77.8,0.2
22.7,70.6,0
22.1,72.9,0.2
24.2,42.3,0
25,40.4,0
25.2,46.9,0
25.6,49.1,0
25.5,52.6,0
25.5,70.5,1.4
24.7,67.3,0
23.1,72,1.5
23.9,73.5,0
23.9,64.4,0
24.4,63.5,0
24.1,64.6,0
25.4,59.6,0
27.6,42.1,0
29.7,40.9,0
26.7,43.3,0
25.1,46.6,0
25,46.4,0
22.7,64.1,8.5
21.9,76.9,2.9
23.6,65.5,0
24.9,67.3,0
25.9,64.6,0
23.8,80,7.7
24.7,79,6.3
25.6,73.9,0.7
26.9,65,0
28.6,61.3,0
28,66.9,1.1
25.1,87.1,6.2
26.7,74.6,0.1
28.1,70.8,0
26.5,82.3,1
26.3,90.1,9.7
25.1,95.3,60
28.4,76.6,0.6
26.1,88.3,25.6
27.5,74.5,0.5
28.1,75.3,1.2
25.8,91.1,62.3
26.3,86.4,26.9
28.4,74.6,0
29.4,69,3
28.3,75.9,8.6
30.5,65.5,0
31.6,51.4,0
26.9,78.1,8
28.9,71.4,0
29.8,69,0
31.5,57.9,0
30.4,53.6,6.7
26.6,91.8,56.2
29.2,76.9,6.4
30.4,63.9,0
25.9,82,16.2
25.9,74.5,0.1
25.9,69.5,0
25.6,66.5,0
26.3,60.6,0
28.2,56.3,0
27,67.3,1.3
26.9,66.5,0
26.2,58.4,0
24.1,60.9,0
25,66.6,0
26.4,63.8,0
25.7,71.1,20
26.1,66.2,0
23.4,77.1,36.9
22.6,66.3,0.2
23.5,65,0
23.7,64,0
24.4,56.6,0
24.1,67.6,0
22.8,89,22.7
23,91.4,36.4
25.3,79.8,2.4
25.7,72.9,2.8
24.7,76.9,0
25.1,74.3,0
23.8,93.4,63.2
24.3,71.4,7.6
21,72.3,3.9
23.3,60.4,0.1
22.4,80,0.3
24.2,70.4,0
24.5,53,0
23.5,41.6,0
21,46,0
19.5,46.5,0
19.6,52.8,0
19.6,60.3,0
18.6,63.4,0.4
20,51.1,0
19.8,61.3,0
20.9,64.4,0
22.9,59.3,0
22.9,57.5,0
23.7,58.9,0
22.6,60.6,0
22.4,61,0
23.1,67.1,0
21.6,88,23.1
22.4,73.4,4.6
22.4,71.5,0
18.7,72.6,0.6
18.1,53.4,0
14.8,92,25.4
14.7,58.8,0
13.6,48.3,0
15.2,60.9,0
18.8,60,0
17.9,49.3,0
17.2,52.6,0
14.4,56.9,0
14.5,55.6,0
14.6,58.3,0
15.4,56,0
17,58.3,0
17,63.8,0
16.5,70.3,0
17.1,61,0
18.1,56.1,0
17,57.3,0
18.3,47.6,0
16.7,58,0
10,60,0
11,59,0
12.9,65.9,1.7
12.5,61,0.1
11.2,60.3,0
14.8,73.8,0
14.9,57.9,0
13.6,57.3,0
14.7,57.8,0
13.8,57.8,0
12.4,65.1,0
11,63.6,0
9.2,42.8,0
6.8,31.4,0
9.5,41.4,0
10,59.6,11.8
11.2,71.6,1.1
9.3,63.6,0
7.2,72.3,7.5
1.3,30.6,0
5.6,87.4,18.8
6.8,81.3,0
8.3,79.4,21.1
4.6,59.8,14.7
0.2,48,0
0.5,35.5,0
4.2,37.4,0
9.7,34.1,0
12.1,52,0
9.8,74.6,3.8
1.9,62.1,0
6.6,64,0
3.1,50.8,0
3.5,52.4,0
1.5,42.8,0
4.1,42.6,0
4.6,79.4,3.3
-0.1,48,0
0.5,61.3,0.6
2,41.6,0
-4.4,31.9,0
-5.9,34.5,0
-2.4,65,0.1
-0.9,65.1,0
3.2,56.8,0
8.1,82.3,1.7
6.3,62,0.2
-0.7,45.4,0
2.1,53.6,1
2.7,58.3,0
5.3,52.5,0
7.8,58.9,0
7.7,81.4,9.8
0.8,64.6,0
-0.8,47.8,0
-1.1,45.3,0
-1.2,68.1,0.6
4.1,63.4,0.3
3.4,80.4,2.9
0.8,67.9,0
2,60.8,0
2,59,0.3
-1.7,45.4,0
1.1,47.6,0
3.8,52.5,1.4
2.7,70.3,0.4
-7.9,39.3,0
-2.2,64.4,0.1
1,65.4,0
-0.1,56.9,0
1.2,50.8,0
1.3,45.6,0
3.1,65.4,1.8
6.3,95,46.3
2.4,86.1,11.6
-1.2,65.3,0
-0.6,62.9,0
-0.1,60.9,0
-1,61.5,0
-2.9,51,0
-2.3,45.3,0
-2.7,44.8,0
-1.7,43,0
-0.6,43.9,0
0.3,48.1,0
1.9,62.8,0.6
0.7,46.8,0
-0.4,36.9,0
3,36,0
4.6,49.3,0
2.8,63,0
4.3,63.1,0
5.5,56.3,0
5.9,48.1,0.1
6.8,49.4,0
6,46.4,0
5.2,47,0
3.9,59.6,0
2.6,66.6,0
1.5,52.3,0
-0.4,43.6,0
-1.6,50.3,1.7
-8.3,37.3,0
-6.4,36.4,0
-1.7,45.1,0
-0.1,48.1,0
-0.5,51.1,0
4,49.4,0
6.8,37,0
7.4,73.4,6.7
6.5,84.8,0
8.1,70.3,0
9.8,63,2
-1.4,81.1,13.4
-5.9,64.3,1
-4.1,44,0
1,56.8,0
4.6,62.6,0
6.7,66.3,4.2
4,62,3.1
2.5,48.6,0
7,51.8,0
6.7,73.5,16.6
6.4,59.6,0
6.1,54,0
4.5,79.4,3.9
7.7,68.6,0.5
5.8,71.8,0.2
3.4,55.3,0
4.8,57,0
2.2,53.4,0
1.4,47.5,0
3.7,46.8,0
7,39.5,0
9.3,43.8,0
11.1,37.6,0
6.4,78.4,11.8
3.8,41.8,0
6.8,49.8,0
4.9,41,0.5
3.6,48.1,0
4,48.3,0
3.6,42.4,0
6.6,65.8,0
10,45.8,0
9.1,49,0
8.8,39.6,0
12.8,56.5,0
11,37.5,0
10.6,37.9,0
11.4,35,0
12.5,33.6,0
14.8,53.8,1.8
11.9,56.4,2
7.7,17.9,0
8.7,30.6,0
10.2,38.4,0
11.9,34.5,0
11.3,35.6,0
9.3,41.4,0
10,53.8,0
8.9,36.4,0
7.2,29.5,0
9.3,38.3,0
10.6,56.6,0
9.4,25.5,0
8.9,44.6,0
10.7,52.6,0
9.9,63.8,0
9.9,58.6,0
12.4,39.4,0
13,46.8,0
13.2,39.8,0
16,39.9,0
12.5,77.8,6.5
13.5,67.9,0
12.3,75.8,10.3
10,73,0.1
7.4,49,0
6,46.8,0
7.9,47.8,0
9.9,55.6,0
13.1,54.4,0
12.3,43.1,0
12.9,49.8,0
13.9,50,0
14.9,48.6,0
17.1,57.1,0
20.2,73.6,0
20.3,79.6,0
21.8,68.8,0
20.2,63.9,0
16,67.9,0
19.4,50,0
20.7,32.5,0
19.9,32.8,2.3
14.2,94.4,24.4
14.4,88.6,1.3
16.5,61,3.4
14.3,69.4,0.7
16.1,47.3,0
19.3,35.4,0
16.1,81.4,12
16.7,90.3,2.5
19.1,80.1,0
19.1,79.4,29.8
13,73.6,19
14.4,60.4,0
17.4,56.1,0
18.5,68.5,0
20.1,66.1,0
17.1,84.8,14.5
16.6,81,0
16.2,81.9,1.5
17.4,68.5,0
18.7,62.8,0
20.7,65.6,0
22.6,57.3,0
21.2,63,1
19.7,64.3,0.4
17.9,71,2
22,73.3,0
21.9,81.1,0.2
23,69.4,0
24.6,63.6,0
22.7,69.4,0
25,63.6,0
26.7,51.6,0
25.8,63.8,6.2
26.1,68.3,0
24.7,68.6,0
26.9,52.8,0
24,70.6,1.1
23,62.3,0
24.4,63,0
24.3,58.6,0
23.4,61.4,0
24.7,61.4,0.1
24.9,62.6,0
26.1,59.5,0
28.6,50.5,0
27.3,53.5,0
22.3,83.5,37.6
21.6,91,13.3
21.8,82.1,2.1
24.1,70.4,0
25.2,70.5,0
23.8,77,11.9
20.1,83,64.7
21.1,79.3,0
24.2,74.5,0
25.5,63.5,0.1
24.2,63.9,1.6
23.8,68.6,0
25.6,66.6,0
24.1,75.5,0
25.5,71.9,0
27.5,64.6,0
24.5,75,2.2
25.8,62.6,0
23.5,71.9,2.9
18.7,94.8,47.6
20.3,79.4,11.5
23.4,63.1,0
25,70.9,0
26,72,0
26.1,71.6,0
24,81.6,29.1
23.8,86.3,3.6
25,77,0
23.7,89.3,11.5
21.1,95.5,103.1
22.5,74.3,2.9
24.3,69.3,0
25.4,69.3,0
24.3,86.4,2.2
24.4,84.8,0.4
23.7,95.8,50.1
25.3,85.5,0.1
26.2,81.9,1.5
25.3,90.9,39.1
24.9,96.3,31.4
25,96.3,102.6
27,89.3,3.9
26.5,92.1,18.5
24.1,92.8,75.7
24.3,85.3,0
24.2,89.5,19.1
24.9,95.4,50.3
26.5,91.6,44.6
24.6,92.5,97
27.2,83.9,0
28,82.4,0
27.1,86.1,0.4
26.1,96,69
27.4,82.6,0
28.2,77.9,0
27.5,76.3,0
27.1,76.8,0
27.7,76,0
26.6,83.1,2.5
24.3,87.4,42.6
25.3,78.4,0
27.8,71.6,0
29.9,69.5,0
30.2,68.3,0.6
27.1,84.6,8.7
27.3,89.1,13.6
26.8,90.1,13.6
26.8,88.8,42.5
26.4,77.9,0
26.6,72.4,0
24.3,91.3,33.3
22.7,82,29.8
23.3,63.9,0
23.3,66.6,0
21.7,80,6.4
19.2,93.5,61
23.4,71.5,0
21.1,83.4,1.3
22.8,75.8,3.9
22.4,72.6,1.2
20.2,83.8,5.7
21.5,70.4,0
21.3,79.3,0
23,76.4,0
22.5,79.9,0.3
21.3,70.3,0
21.5,62,0
21.2,59.3,0.3
19.7,57.6,0
19.1,56.1,0
20.2,55.3,0
19.2,59.9,0
20.6,59.6,0
20.1,64.1,0
19.3,62.5,0
20.4,63.3,0
20.7,66,0
19.6,67.6,0
19.6,78,38.3
18.8,74.9,0
19.2,79.6,0
19.9,72.5,0
16.6,65.1,0
13.3,57.3,0
14.2,55.9,0
16,48.9,0
17.2,53,0
17.2,53.4,0
16.9,60.1,0
16.9,68.5,0
16.2,68.6,0
13.6,52.3,0
12.8,47,0
11.7,41.8,0
11.8,64.3,0
13.1,64.3,0
13.6,65.5,0
15.1,74.4,0
15.2,67.1,0
14.1,69.4,0
13.5,66,0
8.6,51.5,0
8.7,47.6,0
11.8,62.5,0
12.9,71.6,0
14,74.1,0
13.8,52.1,0
10.8,40.3,0
11.9,42.9,0
13.6,60.3,0
13.7,84.3,13.6
10.8,58.3,1.7
5.1,47.5,0.5
4.9,43.9,0
9.6,61.5,0
13.5,63.3,0
14.6,68.8,0.1
8.5,43.8,0
5.5,40.9,0
7.7,56.1,0
9.3,53.5,0
10.4,56.9,0
12.2,71.5,0
12.5,66.9,0
11.1,75,0
12.4,70.1,0
15.9,67.5,0.1
16.6,91.4,12.2
13.6,90.5,86.9
2.8,74.3,0
6.5,67.9,0.2
5.6,80.5,4.8
1.7,61.4,0
2.9,54.5,0
4.6,64.1,0
5.6,66.5,0
4.1,61.6,0
-0.1,50,0
-0.6,59.6,0
-0.2,57.8,0
1.1,44.5,0
2.4,41.4,0
0.7,47.1,0
-0.6,53.8,0
2.1,63.1,0
4.5,66.9,0
3.4,57.5,0
-0.5,50,0
1.5,55.1,0
5.8,69.9,0
5.3,77.1,0
2.3,51.3,0
-1.1,74.9,2.9
-7.7,49.1,0
-8.3,43,0
-8.3,43.9,0
-4.9,47,0
-2.1,57,0.2
-5.1,45.1,0
-3.7,50.4,0
-1,64.1,0
2,67.6,0
4.5,76.6,0
2.6,61.5,0
-0.8,51.9,0
2.2,65.8,0
5.8,62.9,0
6.7,72.1,1.3
0.1,70.8,0.2
-10.9,55.5,0
-8.9,53.9,0
-4.2,64,0
-5,38.5,0
-5.6,45,0
-3.5,51.4,0
-5.5,52.8,0
-7.4,54.6,2.3
-14.5,49.9,0
-14.9,44,0
-12.2,46.3,0
-7.7,54.4,0
-6.7,62.1,0
-3.9,79.5,2.6
2,80.3,0
1.7,46.5,0
4.5,67.4,0.2
-4.9,59.3,0
-5.5,58.5,0
-3.8,64.3,0.3
-6.3,37.9,0
-0.1,37.8,0
4.5,64.4,9.2
5.5,92.9,0.1
7.6,66,0
7.3,63.9,0
7.9,62,0
5.3,80.4,1.7
1.7,47.6,0
-2.6,52.3,2
-8.8,40,0
-1.6,60,0.5
3.2,57,0
5,74.5,0.7
-5.6,44.1,0
-3.2,64.6,3.4
-3.6,50.1,0.1
1.4,71.8,0
6.8,80.4,0
3.6,67,0
-3.1,43.6,0
-0.9,51.9,0
3.4,75.1,0
5.5,71.5,0
6.5,60.6,0
7.6,50.6,0
9.5,47.6,0
1.2,65.1,1.4
-5.1,57.9,1.5
-8.3,44.1,0
-5.8,44.9,0
1.6,66.9,0
8.8,60.4,0
10.8,66.6,0
7.8,58.3,0
0,34,0
2.9,33,0
4.2,35.1,0
8.2,35,0
9.5,48.6,0
7.8,49,0
4.7,91,67.5
2.3,75.9,0.1
4.4,64.4,0
7.2,62.4,0
9,70.3,0
6.6,69.5,0
6.2,62.9,0
7,60.3,0
6.6,58.5,0
8.8,61.8,0
10.2,50.8,0
10.5,57,0
9.2,62.8,0
9.1,71.4,0
10.6,68.8,1.7
8.4,52.5,1.3
8.8,44.9,0
11.7,50.1,0
15.3,47.9,0
9.9,74.6,5.1
5.8,65.9,0.3
6.2,55.3,0
9.1,63.5,0
10.8,61.5,0
11.9,68.5,0
12.6,58.4,0
12.1,70.9,25.5
9,95.8,9.2
10.2,62.3,0.2
10.8,47.3,0
14.5,41,0
17.7,33,0
17.8,35.6,0
14.9,80.8,56.2
11.9,65.8,0.6
11.9,47.9,0
13.9,50.9,0
14.1,47.5,0
13,34,0
13.6,39.3,0
12.6,50,0
15,45.4,0
13.8,70.4,22
10.4,74,8
8.4,58.5,0
11.6,62.3,0
11.3,60,0.7
9.6,56.6,0
9.9,64.3,0
12.2,65.3,0
14.8,55.1,0
19.1,43.1,0
20.9,37.9,0
19,41.4,0
18.3,43,0
18.2,50,0
16.2,51.8,0
15.4,62.4,1.7
14.5,64.1,4.7
14.6,54.1,3.9
11.3,81.8,26.3
10.2,80.8,8
12.4,67.9,1.7
14.1,56.4,0
13.8,82.6,19.6
13.9,64.4,0.1
15.7,46.4,0
14.4,60.3,8.8
14.3,66.1,0
15.7,51.3,0
13.2,67.9,0
18.5,48.9,0
22,39.5,0
22.9,54.4,0
24.1,60.3,0
22.1,79.5,15
18.4,97.6,66.9
15.3,93,3.1
17.9,70.5,0
19.9,52.3,0
18.7,59.8,0.9
16,86.5,6.9
18.6,69.3,0.2
19.5,64.4,0
19.4,61,0
15.3,72.3,8.3
18,58.5,0
15.8,83,8.9
15.3,86,12.3
15.4,79.8,0.3
18.4,73,18.1
19.9,78.9,4
20.2,74.6,3.2
23.2,64.4,0
19.1,80.8,18.1
18.5,69.4,0
20.8,68.1,0
23,69.6,0
21.1,71.5,0
23.6,69.6,0.1
25.8,59.1,0
24.9,68.5,6.1
21.5,84.5,4.6
24.2,74.6,0
24.8,72.6,0
24.8,68.8,0
22.5,79.1,1.9
24.3,59.9,0
21.9,71.4,0
20,92.1,6.3
22.3,74,0
22.9,73.3,0
23.6,67,0
22.8,67.9,0
22.4,70.5,7.5
23,71.1,0
24.1,69,0
22.8,78.5,4.5
24.5,72.1,38.2
23.7,76.4,0.1
23.9,78.6,8
24.3,77.9,6
26.3,70.9,0
27.1,64.1,0
22.6,80,60
21.4,96.8,21.4
23.3,80.3,0
25.3,73.4,0
26.4,78.5,12.7
26,81.6,2.9
25.5,77.3,0
25.9,80.4,0.5
25.7,86.8,0.4
28.1,75.1,0
28.8,76.1,0
29.7,71.4,0
29.1,71.1,0
28.8,68.4,0
29.1,63.1,0
29.6,62.5,0
26.4,80.1,67.4
27.9,75.8,0
30.5,64,0
31.2,59.8,0
31.2,61.8,0
31.7,57.4,0
31.5,55.8,0
31.2,54.9,0
31.1,60.5,0
30.4,67.4,0
29.6,69.9,0
30.5,63.1,0
29.8,69.9,3
27.1,81.8,21
26.5,82.6,1.7
28,76.9,0
28.9,70.6,0
29.4,68.1,0
28.1,68.4,0
28,65,0
26.8,74.8,12.7
28.3,62.4,0
27.7,62.5,0
27.4,70.3,0
26.8,67.1,0
26.6,70.4,0
26.1,63.9,0
26.9,59.6,0
27.3,61.1,0
25.9,65,9.3
24.3,69.6,5.6
26,57.1,0
26.6,63.6,0
23.8,88.1,62.8
24.4,81.5,0
22.4,89.3,7.4
23.4,93.6,10.5
25,85.5,0.3
25.5,84.9,0.7
22.4,83.5,0.9
23.6,80.4,0
23.7,82.6,0.9
24.2,77.5,0
20.5,93.3,77.4
21.4,83.1,0.8
23.5,70.3,0
24.3,60.3,0
23.2,57,0
23.1,61.1,0
22.3,70.1,12
19.6,98.1,29.6
22.2,81.3,1.6
23.5,76.5,0
23.6,76,0
24,73.1,0
24.2,64.6,0
24.8,67.1,0
24.6,63.3,0
23.6,57.5,0
22.9,61.1,0
23.5,61.4,0
23.9,65.1,0
23.7,62.9,0
23.7,63.6,0
22,85.1,68.1
20.2,79,4.5
20.9,67.3,0
21.8,67.5,0
21.2,72.6,0
22.6,63,0
21.6,66,0
21.5,75.1,1.3
20.2,93.5,13.1
20.3,83.9,0
21.1,75.8,13.3
20.7,77.1,0
22.3,69.5,0
22.9,81,3.6
23.6,82.4,0
18.8,91.5,6.4
19.4,85.5,4.6
18.8,91.3,3.5
20.9,83.5,0.4
19.9,89,14.2
15.2,78.6,0.3
17.9,67.1,0
19.6,66.6,0
19.7,73.6,0
19,74.4,0
10.7,47.5,0
5.6,37.4,0
9.6,60.4,5.6
10.9,72.8,4.4
9.5,64.9,0
9.8,64.1,0
10.8,58.4,0
11.4,57.3,0
11.4,63.1,0
11.7,64.5,0
13,74.5,0
13.4,63.4,0
12.7,54.6,0
14.6,55.9,0
13.8,62.4,0
14.1,73.3,0.7
12.9,77.3,0
11.5,76.6,0
12.1,71.1,0
12.1,80.4,0
13,68.5,0
14.1,61.1,0
15.3,57.5,0
8.6,82.1,25.7
4.9,80.3,2
4.2,73.4,0.3
5.3,60.6,0
4.5,55.4,0
7.3,66.1,0
11.3,69.8,0
10.1,71.3,0
8.5,65.5,0
7.5,64.1,0
11.9,70.8,0
12.9,84.8,0
10.4,77,0
10.4,74.4,5.9
2.7,61.8,1.3
-0.6,60.9,0
4.1,64.3,0
5.7,55,0
2.9,57.5,0
3.4,53,0
5.1,52.4,0
7.6,62,0
5.7,80.4,27.2
-1.3,51.8,0
1.3,68.9,0.1
1.9,53.3,0.4
1.4,48.5,0
2.9,50.4,0
5.4,61.4,0
6.8,68.3,0
6.7,70,0
6.5,70.3,0
7,81.5,0.7
6,83.6,0
1.2,61.8,0
-2.2,43.8,0
3.7,64.9,1.2
7.2,84.8,2.1
6.4,71.6,0
-5.6,50.5,0
-5.7,64.1,2.8
-0.8,63.8,0.2
5.2,77.9,0
5.2,70.9,0
2.2,47.4,0
2.7,53.5,0
-0.3,65.3,0.2
-11.7,42.4,0
-12.1,43.5,0
-7.6,60.9,0
-4.1,73.8,0
0.4,72.9,0.2
-3.9,48.5,0
-6.7,35.9,0
-4.3,46.3,0
-1.3,57.9,0.3
-1.9,58.3,0
-2.5,51.8,0
-2.8,47.6,0
-2.2,47.1,0
-1.6,47.1,0
0.3,64.3,0
1.3,71.5,0
0.5,68.3,0.9
-7.4,55.5,0.2
-7.7,47.8,0
-6.4,45.8,0
-4.8,41.8,0
-1,48.3,0
-2,54.5,0
-5.8,59.9,0.5
-5.6,47.9,0
-5.3,72.3,1.7
-5,63.5,0
-2.7,55.6,0
0.3,52.4,0
2,52.4,0
4.6,56,0
2.8,80,0.7
1.3,62.8,0
-1.1,50,0
-2.7,51.6,0
-3.6,48.9,0
-2.8,45.4,0
-0.7,59,1.2
-1.3,76.6,1.7
-3.4,60.5,0
-3.4,52.4,0
-5.2,53.3,0
-6.6,48.8,0
-3.9,50.3,0
-2.5,51.3,0
-0.1,53.8,0
1,52.3,0
1.4,57.8,0
2.9,61.1,0
4.8,50.4,0
4.8,44.9,0
2.5,68.3,1.7
-4.7,58,0
-7.3,50.4,0
-6.2,41.6,0
-1.2,40.4,0
-1.7,52.9,0.1
-4.8,41.1,0
-3,56.3,0.1
-4.5,43.3,0
-5.6,38.5,0
-2.4,52.4,0
3,77.5,0
5.4,78.4,1.1
3.7,56.6,0
6.8,62.3,0
5.8,70.5,2.3
3.5,55.9,0
5.8,52.9,0
6.9,60.5,0
2.3,38.4,0
1.4,39.5,0
2.8,45.8,0
6,56.1,0
7.1,69.6,0
9.3,51.4,0
11.2,58.4,0
12.8,72.1,2.6
11.7,95.5,42.1
8.2,90.3,8.7
7.2,72.6,0
10.3,62.6,0
10.7,62,1.2
7.5,60.8,0
3.4,84.6,14.6
5.4,66.1,0
5,49.5,0
7.1,48.9,0
6.2,56.8,0
8.2,70.6,0
12,70,10.9
11.8,80.9,19.8
8.1,49.1,0
8.2,35.6,0
9.7,52.9,0
10.8,76.5,0.4
10.9,63.5,0
9.2,50.5,0
8.2,55,0
9.6,55,0
10.3,50.3,0
10.3,41.1,0
11.7,52.3,0
10.9,43.5,0
12.9,49,0
17.8,43.8,0.5
18.2,46,0
19.6,60.4,0
19.3,77.9,0.5
13.1,69.3,1.3
13.2,53.4,0
13.3,46.8,0
13.2,48.5,0
14,53.8,0
15.2,46.1,0
15.2,51.9,0
15.7,48.8,0
16.3,48.4,0
15,76.8,0
17.7,57.3,0
18.5,72.5,0.3
20,80.5,1.3
21.9,57.9,1
17.7,31.5,0
18.2,44,0
13.4,70.6,15.5
13,68,0
13.4,54.8,0
14.2,56.5,0
14.8,45.9,0
17.8,43.3,0
18.9,48.1,0
19.6,67.1,0
18.4,52.4,0.5
15.3,51.8,2
17.9,56.4,0
19.9,39,0
19.7,50.4,0
20.9,51.5,0
19.4,45.8,0
15.7,45.5,0
16.2,39.8,0
17.3,56.3,0
20,60.1,0
20,59.4,1.5
19.9,53.6,0
20.6,52.8,0
20.1,70.8,0
20.3,70.9,0
23,63.5,0
22.9,56.8,0
21,66.6,3.5
18.7,59.9,0
20,62.5,0
22.3,54.1,0
23.1,66.4,0
20.8,71,0
20.7,42.4,0
22.1,41.6,0
21.5,67.4,0
24.5,62.8,0
25.6,57,0
22.7,59.8,0
19.7,69,4.3
20.6,54.5,0
21.2,61.6,0
20.9,76.1,2.6
20.9,75.8,1.2
24.6,59.6,0
24.6,58.9,0
23.6,68.5,18
21.5,56.4,0
17.5,92.4,18.5
20.3,78.4,0.7
22.5,76.4,0
23.3,79.6,0
23.4,81.6,0
25.2,76.6,0
26.5,72.6,0
25.9,71.1,0
24.3,89.1,103
22.6,90.9,19.1
26,80.4,0
26.5,82.1,0
26.8,84.4,6.1
26.9,81.9,6.3
25.1,95.5,37.8
22.3,99.3,176.2
26.6,83.3,0
28.8,72.8,0
29.3,68.6,0
29.3,71.8,0
29.2,73.8,0
29.5,76,16.1
28.2,82.3,0
25.8,84.4,1.7
26.9,82.1,0.1
29.2,68,0
27,75,9
26.8,73.1,0
25,93.9,114.5
25.7,84.6,0.9
26,76.5,0
24.8,83.4,34
25.5,78.9,0
26.8,76,0
27.4,74.1,0
27.1,76.1,1.1
23.2,87.6,10.4
25.1,81.5,5.2
24.8,83.6,9.9
25,86.9,1.2
27.5,75,0
28.9,72.5,0
